<?xml version="1.0" encoding="utf-8"?><feed xmlns="http://www.w3.org/2005/Atom" ><generator uri="https://jekyllrb.com/" version="3.7.3">Jekyll</generator><link href="/feed.xml" rel="self" type="application/atom+xml" /><link href="/" rel="alternate" type="text/html" /><updated>2018-04-06T15:43:06+02:00</updated><id>/</id><title type="html">PPLAAF</title><subtitle>Platform for the Protection of Whistleblowers in Africa</subtitle><entry><title type="html">Press Release&amp;amp;#58 South Africa&amp;amp;#58 Charges against State Capture whistleblower dropped</title><link href="/2018/04/04/south-africa-whistleblower-charges-dropped.html" rel="alternate" type="text/html" title="Press Release&amp;#58 South Africa&amp;#58 Charges against State Capture whistleblower dropped" /><published>2018-04-04T00:00:00+02:00</published><updated>2018-04-04T00:00:00+02:00</updated><id>/2018/04/04/south-africa-whistleblower-charges-dropped</id><content type="html" xml:base="/2018/04/04/south-africa-whistleblower-charges-dropped.html">&lt;p&gt;(Johannesburg, April, 3th, 2018) – The decision of the National Prosecuting Authority (NPA) to not pursue charges against Mosilo Mothepu shows the perils whistleblowers face and why they should be protected against reprisals, said the Platform to Protect Whistleblowers in Africa (&lt;a href=&quot;https://pplaaf.org/who-we-are.html&quot; target=&quot;_blank&quot;&gt;PPLAAF&lt;/a&gt;) today. Mosilo Mothepu is the whistleblower whose submission to the former Public Protector Thuli Madonsela formed the basis of &lt;a href=&quot;https://www.news24.com/SouthAfrica/News/download-the-full-state-of-capture-pdf-20161102&quot; target=&quot;_blank&quot;&gt;Madonsela’s report against state capture&lt;/a&gt; and which scandal ultimately led to the &lt;a href=&quot;https://pplaaf.org/2018/02/15/zuma-presidency-ends.html&quot; target=&quot;_blank&quot;&gt;resignation&lt;/a&gt; of former President Jacob Zuma. &lt;/p&gt;

&lt;p&gt;Mothepu was a former CEO and Executive Director of Trillian Financial Advisory, part of the Trillian firm, owned by the powerful Gupta family. The Guptas have been accused of growing rich of their strong relationship with President Zuma. Her disclosures, alongside that of “state capture” whistleblowers such as &lt;a href=&quot;https://pplaaf.org/2018/01/29/trillian-goodson-speaks.html&quot; target=&quot;_blank&quot;&gt;Bianca Goodson&lt;/a&gt; led to the expose of high level corruption, influence peddling, fraud and illicit enrichment. The disclosures exposed the collusion of the Guptas, associates such as Salim Essa, Duduzane Zuma and Eric Wood as well as public officials at the helm of raided state entities.&lt;/p&gt;

&lt;p&gt;&lt;em&gt;“Mothepu’s efforts must not be in vain: critical information provided by whistle-blowers like her must now be used for asset recovery, criminal convictions and political accountability”&lt;/em&gt;, said William Bourdon, Chairman of PPLAAF. &lt;em&gt;“Whistleblower protection must take into account the realities faced – the days of whistle-blowers living on borrowed time and in the dark, like canaries in the mine, must come to an end or the promise of democracy becomes the canary too.”&lt;/em&gt;&lt;/p&gt;

&lt;p&gt;Mothepu bravely testified in her person and via affidavits in Parliament’s Eskom State Capture inquiry, legal actions brought against Trillian by trade unions such as SAFTU and formed the basis of media investigations. Combined, the expose revealed evidence that parastatal entities such as Eskom and Transnet paid significantly large amount of money to the Trillian group for work that should not have been allocated to them, was fraudulently or wrongly allocated or acquired, and for work that was never done. &lt;/p&gt;

&lt;p&gt;Mothepu’s legal woes are part of the difficulties whistleblowers face along their journey: her confidential disclosure to former Public Protector Madonsela was leaked to a South African media by an unknown party. On publishing a story without confirming that Mothepu was not the source of the leak, Trillian, led by Wood, seized the opportunity to lay malicious and defamatory criminal charges against Mothepu. She would subsequently become known as the “Nenegate” whistleblower for substance of her disclosures including the deliberate removal of former Finance Minister Nhlanhla Nene as well as Pravin Gordhan. &lt;/p&gt;

&lt;p&gt;Trillian maintained that Mothepu was not a whistleblower and accused her of having stolen sensitive and confidential information and of having contravened the Electronic and Transaction Act. Trillian also considered her to be guilty of corruption for having received money in exchange for some of the information.&lt;/p&gt;

&lt;p&gt;After almost two years of emotionally and financially bearing the brunt of selective and deliberate prosecution attempts by the NPA and the Hawks — an act that appeared to better serve Trillian than the South African public interest, the case was formally dropped in April 2018. The case effectively prevented Mothepu from obtaining employment as interview after interview resulted in her being labeled as a “political risk”. &lt;/p&gt;

&lt;p&gt;Official paperwork shows that the decision not to prosecute Mothepu was taken six months ago, but Mothepu &lt;a href=&quot;https://www.dailymaverick.co.za/article/2018-04-03-scorpio-no-winnable-criminal-case-against-trillian-whistle-blower/#.WsdEMIhuZPY&quot; target=&quot;_blank&quot;&gt;had never been informed&lt;/a&gt; of the decision.&lt;/p&gt;

&lt;p&gt;In parliament, Mothepu testified on her struggle as a whistleblower: &lt;em&gt;“It comes at a great personal cost… I will not romanticise. I am sure there are many public servants who said ‘no’ and who now find themselves on suspension or on the sidelines. But it must be done to stop the cancer from infecting the whole body.”&lt;/em&gt;&lt;/p&gt;

&lt;h3 id=&quot;if-you-would-like-to-contribute-to-pplaaf-as-a-donor-or-philanthropist-please-email&quot;&gt;If you would like to contribute to PPLAAF as a donor or philanthropist, please email:&lt;/h3&gt;
&lt;p&gt;&lt;a href=&quot;mailto:info@pplaaf.org&quot;&gt;info@pplaaf.org&lt;/a&gt;&lt;/p&gt;

&lt;h3 id=&quot;for-more-information-on-pplaaf-please-visit&quot;&gt;For more information on PPLAAF, please visit:&lt;/h3&gt;
&lt;p&gt;&lt;a href=&quot;https://pplaaf.org&quot;&gt;https://pplaaf.org&lt;/a&gt;&lt;/p&gt;

&lt;h3 id=&quot;to-follow-pplaaf-follow-its-profiles&quot;&gt;To follow PPLAAF, follow its profiles:&lt;/h3&gt;
&lt;ul&gt;
  &lt;li&gt;Facebook: &lt;a href=&quot;https://www.facebook.com/PPLAAF/&quot;&gt;https://www.facebook.com/PPLAAF/&lt;/a&gt;&lt;/li&gt;
  &lt;li&gt;Twitter: &lt;a href=&quot;https://twitter.com/pplaaf&quot;&gt;@pplaaf&lt;/a&gt;&lt;/li&gt;
&lt;/ul&gt;

&lt;h3 id=&quot;for-further-information-please-contact&quot;&gt;For further information, please contact:&lt;/h3&gt;
&lt;ul&gt;
  &lt;li&gt;In Paris, William Bourdon (French, English): &lt;a href=&quot;mailto:w.bourdon@bourdon-associes.com&quot;&gt;w.bourdon@bourdon-associes.com&lt;/a&gt; or + 33 1 42 60 32 60&lt;/li&gt;
  &lt;li&gt;In Paris, Henri Thulliez (French, English): &lt;a href=&quot;mailto:henri@pplaaf.org&quot;&gt;henri@pplaaf.org&lt;/a&gt; or + 33 7 62 68 49 44&lt;/li&gt;
  &lt;li&gt;In Durban, Khadija Sharife (English): &lt;a href=&quot;mailto:ksharife@gmail.com&quot;&gt;ksharife@gmail.com&lt;/a&gt; or + 27 (71) 688 62 76&lt;/li&gt;
&lt;/ul&gt;

&lt;p&gt;&lt;br /&gt;
&lt;br /&gt;&lt;/p&gt;

&lt;hr /&gt;</content><author><name>PPLAAF</name></author><category term="pressrelease" /><category term="featured" /><category term="South Africa" /><summary type="html">Mosilo Mothepu was prosecuted after her former employer accused her of having stolen confidential documents</summary><media:thumbnail xmlns:media="http://search.yahoo.com/mrss/" url="/pressrelease.png" /></entry><entry><title type="html">Press Release&amp;amp;#58 RDC/Dubaï&amp;amp;#58 Le projet de construction d’un nouveau port entaché par des accusations de corruption</title><link href="/fr/2018/03/02/drc-dubai-port-corruption.html" rel="alternate" type="text/html" title="Press Release&amp;#58 RDC/Dubaï&amp;#58 Le projet de construction d’un nouveau port entaché par des accusations de corruption" /><published>2018-03-02T00:00:00+02:00</published><updated>2018-03-02T00:00:00+02:00</updated><id>/fr/2018/03/02/drc-dubai-port-corruption</id><content type="html" xml:base="/fr/2018/03/02/drc-dubai-port-corruption.html">&lt;p&gt;(Paris, le 2 mars 2018) – Alors que la République démocratique du Congo (RDC) traverse une grave crise politique et humanitaire, son gouvernement est sur le point de conclure un contrat de plusieurs centaines de millions de dollars entaché d’allégations de corruption avec Dubaï Port World (DPW), a déclaré la Plateforme de Protection des Lanceurs d’Alerte en Afrique (&lt;a href=&quot;https://pplaaf.org/&quot; target=&quot;_blank&quot;&gt;PPLAAF&lt;/a&gt;).&lt;/p&gt;

&lt;p&gt;Approchée par plusieurs lanceurs d’alerte ayant suivi les négociations entre la RDC et DPW, PPLAAF &lt;a href=&quot;http://bananaportpapers.info/&quot; target=&quot;_blank&quot;&gt;met en ligne des documents&lt;/a&gt; échangés entre les négociateurs, notamment des avant contrats, ainsi qu’une description de la structure que les parties comptent créer.&lt;/p&gt;

&lt;p&gt;Visant à construire un port en eau profonde à Banana, le seul accès à l’Océan Atlantique de la RDC, le contrat prévoit également la création d’un groupe de sociétés susceptible de faciliter l’enrichissement personnel de certains dignitaires du régime congolais. L’ensemble des négociations serait également entaché de faits de corruption autour d’un projet qui doit s’élever à plus d’un milliard de dollars.&lt;/p&gt;

&lt;p&gt;Selon le &lt;a href=&quot;http://bananaportpapers.info/annexures/fr/annexe12-compte-rendu-du-conseil-des-ministres-du-21fev2018.pdf&quot; target=&quot;_blank&quot;&gt;compte-rendu&lt;/a&gt; du conseil des ministres du 24 février 2018, il a été décidé que le projet soit visualisé préalablement à toute décision finale, lors du prochain conseil des ministres. C’est en raison de l’imminence de la signature du contrat que PPLAAF a décidé de publier ces documents aujourd’hui.&lt;/p&gt;

&lt;p&gt;« &lt;em&gt;Une fois encore des lanceurs d’alerte indignés par la perspective d’enrichissements personnels ont décidé de révéler les dessous des négociations entre la RDC et une multinationale pour que cessent ces malversations&lt;/em&gt; », a déclaré  &lt;a href=&quot;https://pplaaf.org/who-we-are.html&quot; target=&quot;blank&quot;&gt;William Bourdon&lt;/a&gt;, président de PPLAAF. « &lt;em&gt;Il est évident qu’un port en eau profonde sur la façade Atlantique pourrait bénéficier à la RDC, mais certainement pas s’il est pensé à des fins de détournements plutôt que pour l’intérêt général&lt;/em&gt; ».&lt;/p&gt;

&lt;p&gt;Un lanceur d’alerte est une personne qui révèle des informations concernant des actes illégaux, illicites ou contraires à l’intérêt général dont il a été témoin dans le contexte de sa relation de travail. En diffusant l’information publiquement par l’intermédiaire de PPLAAF, les lanceurs d’alerte à la source de ces révélations espèrent empêcher les détournements prévus lors des négociations portant sur ce projet.&lt;/p&gt;

&lt;p&gt;Une joint-venture de droit congolais doit être constituée entre DPW et la RDC pour la construction et la gestion du port. La partie congolaise ne sera pas représentée par une des administrations publiques existantes et légitimes, mais par une société inconnue dont près de la moitié pourra appartenir à une personne privée.&lt;/p&gt;

&lt;p&gt;De la même manière, la gestion du port sera assurée par une société créée pour l’occasion et qui appartiendra à 60% à DPW et à 40% à un « Privé RDC ». Selon les lanceurs d’alerte, ce « Privé RDC » n’est autre que le président Joseph Kabila ou une personne de son entourage proche. D’après les estimations de DPW, un tel montage permettrait au « Privé RDC » de gagner plus de 45,3 millions de dollars en sept ans. Comme le sous-entend une &lt;a href=&quot;http://bananaportpapers.info/annexures/fr/annexe2-lettre-du-04.10.16-envoyee-par-le-sultan-au-president-kabila.pdf&quot; target=&quot;_blank&quot;&gt;lettre&lt;/a&gt; envoyée par le PDG de DPW, le Sultan Ahmed Bin Sulayem, au président Joseph Kabila, il s’agissait-là d’une garantie à mettre en place par DPW avant que la RDC n’accepte d’entrer en négociation.&lt;/p&gt;

&lt;p&gt;Aucune des parties aux négociations n’a été contactée par PPLAAF pour répondre à ces allégations, et ce afin d’éviter que des actes de représailles soient pris à l’encontre des lanceurs d’alerte ou de leurs proches. PPLAAF se tient prêt toutefois à publier les réponses que les parties lui enverront à la suite de la présente révélation.&lt;/p&gt;

&lt;p&gt;La RDC traverse actuellement une grave crise. L’accord politique conclu fin 2016 prévoyant la tenue d’élections présidentielle avant la fin 2017 et l’atténuation des tensions politiques n’a pas été respecté. Le président Joseph Kabila se maintient au pouvoir par la violence et la répression tout en ignorant ces engagements. Depuis le 31 décembre 2017, des manifestations pacifiques visant à faire respecter l’accord politique ont été durement réprimées par les forces de l’ordre. Selon &lt;a href=&quot;https://www.hrw.org/fr/news/2018/01/20/rd-congo-les-forces-de-securite-ont-tire-sur-des-fideles-catholiques&quot; target=&quot;_blank&quot;&gt;Human Rights Watch&lt;/a&gt;, plusieurs personnes ont été tuées et des centaines blessées.&lt;/p&gt;

&lt;p&gt;«&lt;em&gt;Alors que la répression en RDC s’intensifie et que des violations des droits de l’Homme sont commises quotidiennement, des multinationales et des hommes d’affaires étrangers s’accommodent de la situation pour continuer à s’enrichir&lt;/em&gt;», a déclaré &lt;a href=&quot;https://twitter.com/HenriThulliez&quot; target=&quot;blank&quot;&gt;Henri Thulliez&lt;/a&gt;, membre du Conseil d’administration de PPLAAF. « &lt;em&gt;La stratégie du chaos que serait en train de mettre en place un président qui s’accroche au pouvoir, ne semble pas refroidir les ardeurs lucratives de certaines sociétés&lt;/em&gt; ».&lt;/p&gt;

&lt;p&gt;Le régime congolais est régulièrement mis en cause par des médias et des organisations non gouvernementales pour de sérieux faits de corruption et pour la mainmise de l’entourage de Kabila sur l’économie congolaise. En juillet dernier, PPLAAF avait notamment &lt;a href=&quot;http://lumumbapapers.info/&quot; target=&quot;_blank&quot;&gt;montré&lt;/a&gt; comment 42 millions de dollars de la Banque centrale congolaise avaient été détournés par la société privée EGAL pour notamment permettre l’achat d’animaux sauvages au bénéfice de la Ferme Espoir, une société appartenant à Joseph Kabila.&lt;/p&gt;

&lt;p&gt;Le 21 décembre 2017, les Etats-Unis ont ainsi adopté des &lt;a href=&quot;https://home.treasury.gov/news/press-releases/sm0243&quot; target=&quot;_blank&quot;&gt;sanctions&lt;/a&gt; contre plusieurs acteurs économiques accusés de corruption, dont Dan Gertler, un milliardaire israélien ayant amassé des centaines de millions de dollars grâce à des marchés opaques portant sur les mines et les hydrocarbures en RDC. D’autres personnes soupçonnées de corruption sont susceptibles d’être sanctionnées ces prochaines semaines.&lt;/p&gt;

&lt;p&gt;&lt;a href=&quot;https://pplaaf.org&quot; target=&quot;_blank&quot;&gt;PPLAAF&lt;/a&gt; est une organisation non gouvernementale sénégalaise créée en mars 2017 proposant un spectre entier de solutions pour pourvoir aux différents besoins des lanceurs d’alerte : encryptage d’un bout à l’autre de la communication, soutien juridique gratuit en conseils ou en représentation légale contre des employeurs ou autre, assistance continue pour protéger le lanceur d’alerte dans la divulgation de l’information au public, développement de législations protégeant les lanceurs d’alerte.&lt;/p&gt;

&lt;h3 id=&quot;pour-accéder-aux-documents-mis-en-ligne-par-pplaaf-veuillez-consultez-&quot;&gt;Pour accéder aux documents mis en ligne par PPLAAF, veuillez consultez :&lt;/h3&gt;
&lt;ul&gt;
  &lt;li&gt;&lt;a href=&quot;http://bananaportpapers.info/&quot; target=&quot;_blank&quot;&gt;http://bananaportpapers.info/&lt;/a&gt; (Français)&lt;/li&gt;
  &lt;li&gt;&lt;a href=&quot;http://bananaportpapers.info/en.html&quot; target=&quot;_blank&quot;&gt;http://bananaportpapers.info/en.html&lt;/a&gt; (Anglais)&lt;/li&gt;
&lt;/ul&gt;

&lt;h3 id=&quot;pour-plus-dinformations-sur-pplaaf-veuillez-consulter-&quot;&gt;Pour plus d’informations sur PPLAAF, veuillez consulter :&lt;/h3&gt;
&lt;p&gt;&lt;a href=&quot;https://pplaaf.org&quot;&gt;https://pplaaf.org&lt;/a&gt;&lt;/p&gt;

&lt;h3 id=&quot;pour-suivre-pplaaf-suivez-ses-profils-&quot;&gt;Pour suivre PPLAAF, suivez ses profils :&lt;/h3&gt;
&lt;ul&gt;
  &lt;li&gt;Facebook: &lt;a href=&quot;https://www.facebook.com/PPLAAF/&quot;&gt;https://www.facebook.com/PPLAAF/&lt;/a&gt;&lt;/li&gt;
  &lt;li&gt;Twitter: &lt;a href=&quot;https://twitter.com/pplaaf&quot;&gt;@pplaaf&lt;/a&gt;&lt;/li&gt;
&lt;/ul&gt;

&lt;h3 id=&quot;pour-plus-dinformations-veuillez-contacter-&quot;&gt;Pour plus d’informations, veuillez contacter :&lt;/h3&gt;
&lt;ul&gt;
  &lt;li&gt;A Paris, William Bourdon (français, anglais) : &lt;a href=&quot;mailto:w.bourdon@bourdon-associes.com&quot;&gt;w.bourdon@bourdon-associes.com&lt;/a&gt; ou + 33 1 42 60 32 60&lt;/li&gt;
  &lt;li&gt;A Paris, Henri Thulliez (français, anglais) : &lt;a href=&quot;mailto:henri@pplaaf.org&quot;&gt;henri@pplaaf.org&lt;/a&gt; ou + 33 7 62 68 49 44&lt;/li&gt;
  &lt;li&gt;A Durban, Khadija Sharife (anglais) : &lt;a href=&quot;mailto:ksharife@gmail.com&quot;&gt;ksharife@gmail.com&lt;/a&gt;&lt;/li&gt;
&lt;/ul&gt;

&lt;p&gt;&lt;br /&gt;
&lt;br /&gt;&lt;/p&gt;

&lt;hr /&gt;</content><author><name>PPLAAF</name></author><category term="fr" /><category term="pressrelease" /><category term="featured" /><category term="DRC" /><summary type="html">PPLAAF révèle grâce à des lanceurs d’alerte les dessous des négociations entre le gouvernement de la RDC et Dubai Port World</summary><media:thumbnail xmlns:media="http://search.yahoo.com/mrss/" url="/pressrelease.png" /></entry><entry><title type="html">Press Release&amp;amp;#58 RDC/Dubaï&amp;amp;#58 Le projet de construction d’un nouveau port entaché par des accusations de corruption</title><link href="/2018/03/02/drc-dubai-port-corruption.html" rel="alternate" type="text/html" title="Press Release&amp;#58 RDC/Dubaï&amp;#58 Le projet de construction d’un nouveau port entaché par des accusations de corruption" /><published>2018-03-02T00:00:00+02:00</published><updated>2018-03-02T00:00:00+02:00</updated><id>/2018/03/02/drc-dubai-port-corruption</id><content type="html" xml:base="/2018/03/02/drc-dubai-port-corruption.html">&lt;p&gt;(Paris, le 2 mars 2018) – Alors que la République démocratique du Congo (RDC) traverse une grave crise politique et humanitaire, son gouvernement est sur le point de conclure un contrat de plusieurs centaines de millions de dollars entaché d’allégations de corruption avec Dubaï Port World (DPW), a déclaré la Plateforme de Protection des Lanceurs d’Alerte en Afrique (&lt;a href=&quot;https://pplaaf.org/&quot; target=&quot;_blank&quot;&gt;PPLAAF&lt;/a&gt;).&lt;/p&gt;

&lt;p&gt;Approchée par plusieurs lanceurs d’alerte ayant suivi les négociations entre la RDC et DPW, PPLAAF &lt;a href=&quot;http://bananaportpapers.info/&quot; target=&quot;_blank&quot;&gt;met en ligne des documents&lt;/a&gt; échangés entre les négociateurs, notamment des avant contrats, ainsi qu’une description de la structure que les parties comptent créer.&lt;/p&gt;

&lt;p&gt;Visant à construire un port en eau profonde à Banana, le seul accès à l’Océan Atlantique de la RDC, le contrat prévoit également la création d’un groupe de sociétés susceptible de faciliter l’enrichissement personnel de certains dignitaires du régime congolais. L’ensemble des négociations serait également entaché de faits de corruption autour d’un projet qui doit s’élever à plus d’un milliard de dollars.&lt;/p&gt;

&lt;p&gt;Selon le &lt;a href=&quot;http://bananaportpapers.info/annexures/fr/annexe12-compte-rendu-du-conseil-des-ministres-du-21fev2018.pdf&quot; target=&quot;_blank&quot;&gt;compte-rendu&lt;/a&gt; du conseil des ministres du 24 février 2018, il a été décidé que le projet soit visualisé préalablement à toute décision finale, lors du prochain conseil des ministres. C’est en raison de l’imminence de la signature du contrat que PPLAAF a décidé de publier ces documents aujourd’hui.&lt;/p&gt;

&lt;p&gt;« &lt;em&gt;Une fois encore des lanceurs d’alerte indignés par la perspective d’enrichissements personnels ont décidé de révéler les dessous des négociations entre la RDC et une multinationale pour que cessent ces malversations&lt;/em&gt; », a déclaré  &lt;a href=&quot;https://pplaaf.org/who-we-are.html&quot; target=&quot;blank&quot;&gt;William Bourdon&lt;/a&gt;, président de PPLAAF. « &lt;em&gt;Il est évident qu’un port en eau profonde sur la façade Atlantique pourrait bénéficier à la RDC, mais certainement pas s’il est pensé à des fins de détournements plutôt que pour l’intérêt général&lt;/em&gt; ».&lt;/p&gt;

&lt;p&gt;Un lanceur d’alerte est une personne qui révèle des informations concernant des actes illégaux, illicites ou contraires à l’intérêt général dont il a été témoin dans le contexte de sa relation de travail. En diffusant l’information publiquement par l’intermédiaire de PPLAAF, les lanceurs d’alerte à la source de ces révélations espèrent empêcher les détournements prévus lors des négociations portant sur ce projet.&lt;/p&gt;

&lt;p&gt;Une joint-venture de droit congolais doit être constituée entre DPW et la RDC pour la construction et la gestion du port. La partie congolaise ne sera pas représentée par une des administrations publiques existantes et légitimes, mais par une société inconnue dont près de la moitié pourra appartenir à une personne privée.&lt;/p&gt;

&lt;p&gt;De la même manière, la gestion du port sera assurée par une société créée pour l’occasion et qui appartiendra à 60% à DPW et à 40% à un « Privé RDC ». Selon les lanceurs d’alerte, ce « Privé RDC » n’est autre que le président Joseph Kabila ou une personne de son entourage proche. D’après les estimations de DPW, un tel montage permettrait au « Privé RDC » de gagner plus de 45,3 millions de dollars en sept ans. Comme le sous-entend une &lt;a href=&quot;http://bananaportpapers.info/annexures/fr/annexe2-lettre-du-04.10.16-envoyee-par-le-sultan-au-president-kabila.pdf&quot; target=&quot;_blank&quot;&gt;lettre&lt;/a&gt; envoyée par le PDG de DPW, le Sultan Ahmed Bin Sulayem, au président Joseph Kabila, il s’agissait-là d’une garantie à mettre en place par DPW avant que la RDC n’accepte d’entrer en négociation.&lt;/p&gt;

&lt;p&gt;Aucune des parties aux négociations n’a été contactée par PPLAAF pour répondre à ces allégations, et ce afin d’éviter que des actes de représailles soient pris à l’encontre des lanceurs d’alerte ou de leurs proches. PPLAAF se tient prêt toutefois à publier les réponses que les parties lui enverront à la suite de la présente révélation.&lt;/p&gt;

&lt;p&gt;La RDC traverse actuellement une grave crise. L’accord politique conclu fin 2016 prévoyant la tenue d’élections présidentielle avant la fin 2017 et l’atténuation des tensions politiques n’a pas été respecté. Le président Joseph Kabila se maintient au pouvoir par la violence et la répression tout en ignorant ces engagements. Depuis le 31 décembre 2017, des manifestations pacifiques visant à faire respecter l’accord politique ont été durement réprimées par les forces de l’ordre. Selon &lt;a href=&quot;https://www.hrw.org/fr/news/2018/01/20/rd-congo-les-forces-de-securite-ont-tire-sur-des-fideles-catholiques&quot; target=&quot;_blank&quot;&gt;Human Rights Watch&lt;/a&gt;, plusieurs personnes ont été tuées et des centaines blessées.&lt;/p&gt;

&lt;p&gt;«&lt;em&gt;Alors que la répression en RDC s’intensifie et que des violations des droits de l’Homme sont commises quotidiennement, des multinationales et des hommes d’affaires étrangers s’accommodent de la situation pour continuer à s’enrichir&lt;/em&gt;», a déclaré &lt;a href=&quot;https://twitter.com/HenriThulliez&quot; target=&quot;blank&quot;&gt;Henri Thulliez&lt;/a&gt;, membre du Conseil d’administration de PPLAAF. « &lt;em&gt;La stratégie du chaos que serait en train de mettre en place un président qui s’accroche au pouvoir, ne semble pas refroidir les ardeurs lucratives de certaines sociétés&lt;/em&gt; ».&lt;/p&gt;

&lt;p&gt;Le régime congolais est régulièrement mis en cause par des médias et des organisations non gouvernementales pour de sérieux faits de corruption et pour la mainmise de l’entourage de Kabila sur l’économie congolaise. En juillet dernier, PPLAAF avait notamment &lt;a href=&quot;http://lumumbapapers.info/&quot; target=&quot;_blank&quot;&gt;montré&lt;/a&gt; comment 42 millions de dollars de la Banque centrale congolaise avaient été détournés par la société privée EGAL pour notamment permettre l’achat d’animaux sauvages au bénéfice de la Ferme Espoir, une société appartenant à Joseph Kabila.&lt;/p&gt;

&lt;p&gt;Le 21 décembre 2017, les Etats-Unis ont ainsi adopté des &lt;a href=&quot;https://home.treasury.gov/news/press-releases/sm0243&quot; target=&quot;_blank&quot;&gt;sanctions&lt;/a&gt; contre plusieurs acteurs économiques accusés de corruption, dont Dan Gertler, un milliardaire israélien ayant amassé des centaines de millions de dollars grâce à des marchés opaques portant sur les mines et les hydrocarbures en RDC. D’autres personnes soupçonnées de corruption sont susceptibles d’être sanctionnées ces prochaines semaines.&lt;/p&gt;

&lt;p&gt;&lt;a href=&quot;https://pplaaf.org&quot; target=&quot;_blank&quot;&gt;PPLAAF&lt;/a&gt; est une organisation non gouvernementale sénégalaise créée en mars 2017 proposant un spectre entier de solutions pour pourvoir aux différents besoins des lanceurs d’alerte : encryptage d’un bout à l’autre de la communication, soutien juridique gratuit en conseils ou en représentation légale contre des employeurs ou autre, assistance continue pour protéger le lanceur d’alerte dans la divulgation de l’information au public, développement de législations protégeant les lanceurs d’alerte.&lt;/p&gt;

&lt;h3 id=&quot;pour-accéder-aux-documents-mis-en-ligne-par-pplaaf-veuillez-consultez-&quot;&gt;Pour accéder aux documents mis en ligne par PPLAAF, veuillez consultez :&lt;/h3&gt;
&lt;ul&gt;
  &lt;li&gt;&lt;a href=&quot;http://bananaportpapers.info/&quot; target=&quot;_blank&quot;&gt;http://bananaportpapers.info/&lt;/a&gt; (Français)&lt;/li&gt;
  &lt;li&gt;&lt;a href=&quot;http://bananaportpapers.info/en.html&quot; target=&quot;_blank&quot;&gt;http://bananaportpapers.info/en.html&lt;/a&gt; (Anglais)&lt;/li&gt;
&lt;/ul&gt;

&lt;h3 id=&quot;pour-plus-dinformations-sur-pplaaf-veuillez-consulter-&quot;&gt;Pour plus d’informations sur PPLAAF, veuillez consulter :&lt;/h3&gt;
&lt;p&gt;&lt;a href=&quot;https://pplaaf.org&quot;&gt;https://pplaaf.org&lt;/a&gt;&lt;/p&gt;

&lt;h3 id=&quot;pour-suivre-pplaaf-suivez-ses-profils-&quot;&gt;Pour suivre PPLAAF, suivez ses profils :&lt;/h3&gt;
&lt;ul&gt;
  &lt;li&gt;Facebook: &lt;a href=&quot;https://www.facebook.com/PPLAAF/&quot;&gt;https://www.facebook.com/PPLAAF/&lt;/a&gt;&lt;/li&gt;
  &lt;li&gt;Twitter: &lt;a href=&quot;https://twitter.com/pplaaf&quot;&gt;@pplaaf&lt;/a&gt;&lt;/li&gt;
&lt;/ul&gt;

&lt;h3 id=&quot;pour-plus-dinformations-veuillez-contacter-&quot;&gt;Pour plus d’informations, veuillez contacter :&lt;/h3&gt;
&lt;ul&gt;
  &lt;li&gt;A Paris, William Bourdon (français, anglais) : &lt;a href=&quot;mailto:w.bourdon@bourdon-associes.com&quot;&gt;w.bourdon@bourdon-associes.com&lt;/a&gt; ou + 33 1 42 60 32 60&lt;/li&gt;
  &lt;li&gt;A Paris, Henri Thulliez (français, anglais) : &lt;a href=&quot;mailto:henri@pplaaf.org&quot;&gt;henri@pplaaf.org&lt;/a&gt; ou + 33 7 62 68 49 44&lt;/li&gt;
  &lt;li&gt;A Durban, Khadija Sharife (anglais) : &lt;a href=&quot;mailto:ksharife@gmail.com&quot;&gt;ksharife@gmail.com&lt;/a&gt;&lt;/li&gt;
&lt;/ul&gt;

&lt;p&gt;&lt;br /&gt;
&lt;br /&gt;&lt;/p&gt;

&lt;hr /&gt;</content><author><name>PPLAAF</name></author><category term="pressrelease" /><category term="featured" /><category term="DRC" /><summary type="html">PPLAAF révèle grâce à des lanceurs d’alerte les dessous des négociations entre le gouvernement de la RDC et Dubai Port World</summary><media:thumbnail xmlns:media="http://search.yahoo.com/mrss/" url="/pressrelease.png" /></entry><entry><title type="html">Press Release&amp;amp;#58 DRC/Dubai&amp;amp;#58 New port project tainted by corruption charges</title><link href="/2018/03/02/drc-dubai-port-corruption-en.html" rel="alternate" type="text/html" title="Press Release&amp;#58 DRC/Dubai&amp;#58 New port project tainted by corruption charges" /><published>2018-03-02T00:00:00+02:00</published><updated>2018-03-02T00:00:00+02:00</updated><id>/2018/03/02/drc-dubai-port-corruption-en</id><content type="html" xml:base="/2018/03/02/drc-dubai-port-corruption-en.html">&lt;p&gt;Paris, March 2nd, 2018) - As the Democratic Republic of Congo (DRC) goes through a severe political and humanitarian crisis, its government is on the verge of concluding a multi-million-dollar deal, tainted with allegations of corruption, with Dubai Port World (DPW), said today the Platform to Protect Whistleblowers in Africa (&lt;a href=&quot;https://pplaaf.org/&quot; target=&quot;_blank&quot;&gt;PPLAAF&lt;/a&gt;).&lt;/p&gt;

&lt;p&gt;Approached by several whistleblowers following the negotiations between the DRC and DPW, PPLAAF is &lt;a href=&quot;http://bananaportpapers.info/&quot; target=&quot;_blank&quot;&gt;uploading documents exchanged between the negotiators&lt;/a&gt;, including memorandums of understanding, as well as a description of the corporate structure that the parties intend to create.&lt;/p&gt;

&lt;p&gt;The contract to be signed will lead not only to the construction and operation of a port in Banana, the only part of the Congolese territory with access to the Atlantic Ocean, but also to the creation of a corporate structure that will possibly allow the personal enrichment of dignitaries of the Congolese regime. The negotiations, on a project exceeding one billion US dollars, would be tainted with corruption.&lt;/p&gt;

&lt;p&gt;According to the &lt;a href=&quot;http://bananaportpapers.info/annexures/fr/annexe12-compte-rendu-du-conseil-des-ministres-du-21fev2018.pdf&quot; target=&quot;_blank&quot;&gt;minutes&lt;/a&gt; of DRC’s council of ministers held on February 24th, 2018, it was decided that the project is to be presented again at the next council meeting before a final decision is made. Given the imminent signing of the contract, PPLAAF has decided to publish these documents today.&lt;/p&gt;

&lt;p&gt;“&lt;em&gt;Once again, outraged by these malpractices and the perspective of personal enrichment, whistleblowers have decided to reveal the inside stories of negotiations between the DRC and a multinational,&lt;/em&gt;” said&lt;a href=&quot;https://pplaaf.org/who-we-are.html&quot; target=&quot;blank&quot;&gt; William Bourdon&lt;/a&gt;, president of PPLAAF. “&lt;em&gt;It is obvious that a deep-water port on the Atlantic seaboard could benefit the DRC, but certainly not if it is designed for misappropriation rather than for the general interest&lt;/em&gt;”.&lt;/p&gt;

&lt;p&gt;A whistleblower is a person who discloses information regarding actions that are unlawful, illicit or against public interest, that he/she has witnessed in the context of his/her employment. By publicly disclosing information through PPLAAF, the whistleblowers at the source of these revelations hope to prevent the misappropriations planned during the negotiations on the project.&lt;/p&gt;

&lt;p&gt;A Congolese joint-venture will be created by the DRC and DPW to build the port of Banana. The DRC part will not be one of the existing Congolese public authorities, but a new state company of which nearly half may belong to a private person.&lt;/p&gt;

&lt;p&gt;The management of the port will be ensured by a new company, of which 60% will belong to DPW and 40% to “Private DRC”. According to the whistleblowers, this “Private DRC” will be owned by no other than President Joseph Kabila or a person close to him. According to DPW estimates, this arrangement would allow “Private DRC” to earn more than $ 45.3 million in seven years. As implied by a &lt;a href=&quot;http://bananaportpapers.info/annexures/fr/annexe2-lettre-du-04.10.16-envoyee-par-le-sultan-au-president-kabila.pdf&quot; target=&quot;_blank&quot;&gt;letter&lt;/a&gt; sent by DPW’s CEO Sultan Ahmed Bin Sulayem to President Joseph Kabila, this guarantee was to be put in place by DPW before the DRC agreed to enter negotiation.&lt;/p&gt;

&lt;p&gt;PPLAAF has not contacted the parties to the negotiations for a response on these allegations, in order to prevent acts of retaliation against the whistleblowers or their relatives. PPLAAF stands ready, however, to publish the responses that the parties will send to PPLAAF following this disclosure.&lt;/p&gt;

&lt;p&gt;The DRC is currently in a severe crisis. The political agreement concluded at the end of 2016 for the holding of presidential elections before the end of 2017 and the easing of political tensions has not been respected. President Joseph Kabila has remained in power through violence and repression while ignoring these commitments. Since December 31st, 2017, peaceful demonstrations to enforce the political agreement have been severely repressed by the police. According to &lt;a href=&quot;https://www.hrw.org/fr/news/2018/01/20/rd-congo-les-forces-de-securite-ont-tire-sur-des-fideles-catholiques&quot; target=&quot;_blank&quot;&gt;Human Rights Watch&lt;/a&gt;, several people were killed, and hundreds wounded.&lt;/p&gt;

&lt;p&gt;“&lt;em&gt;As repression in the DRC intensifies and human rights violations are committed daily, multinationals and foreign businessmen are accommodating to the situation and continue to enrich themselves,&lt;/em&gt;” said &lt;a href=&quot;https://twitter.com/HenriThulliez&quot; target=&quot;blank&quot;&gt;Henri Thulliez&lt;/a&gt;, Member of PPLAAF’s Board of Directors. “&lt;em&gt;The chaos strategy that is being put in place by a president who is clinging to power does not seem to cool down the lucrative appetite of certain companies.&lt;/em&gt;”&lt;/p&gt;

&lt;p&gt;The Congolese regime is regularly &lt;a href=&quot;https://www.hrw.org/news/2017/10/10/dr-congo-us-eu-should-expand-targeted-sanctions&quot; target=&quot;_blank&quot;&gt;questioned&lt;/a&gt; by the media and by non-governmental organizations for acts of severe corruption and for the Kabila’s entourage’s control on the Congolese economy. Last July, PPLAAF &lt;a href=&quot;http://lumumbapapers.info/&quot; target=&quot;blank&quot;&gt;showed how $42 million have been diverted&lt;/a&gt; from the Congolese Central Bank by the private company EGAL to allow the purchase of wildlife animals for the benefit of Ferme Espoir, a company owned by President Kabila.&lt;/p&gt;

&lt;p&gt;By December 21st, 2017, the United States adopted &lt;a href=&quot;https://home.treasury.gov/news/press-releases/sm0243&quot; target=&quot;_blank&quot;&gt;sanctions&lt;/a&gt; against several economic actors in the DRC who were accused of corruption, including Dan Gertler, an Israeli billionaire who accumulated hundreds of millions of dollars through shady markets in the energy and mining sectors. Other individuals suspected of corruption are likely to be sanctioned in the coming weeks.&lt;/p&gt;

&lt;p&gt;&lt;a href=&quot;https://pplaaf.org&quot; target=&quot;_blank&quot;&gt;PPLAAF&lt;/a&gt; is a Senegalese non-governmental organization created in March 2017 with hubs around Africa. It provides support to assist whistleblowers including encrypted communication, free legal advice or representation against employers, continued assistance to protect the whistleblower in the disclosure of information to the public, the development of legislation to protect whistleblowers and legal cases based on whistleblower information.&lt;/p&gt;

&lt;h3 id=&quot;to-access-the-documents-posted-by-pplaaf-please-consult&quot;&gt;To access the documents posted by PPLAAF, please consult:&lt;/h3&gt;
&lt;ul&gt;
  &lt;li&gt;&lt;a href=&quot;http://bananaportpapers.info&quot; target=&quot;_blank&quot;&gt;http://bananaportpapers.info/&lt;/a&gt; (French)&lt;/li&gt;
  &lt;li&gt;&lt;a href=&quot;http://bananaportpapers.info/en.html&quot; target=&quot;_blank&quot;&gt;http://bananaportpapers.info/en.html&lt;/a&gt; (English)&lt;/li&gt;
&lt;/ul&gt;

&lt;h3 id=&quot;if-you-would-like-to-contribute-to-pplaaf-as-a-donor-or-philanthropist-please-email&quot;&gt;If you would like to contribute to PPLAAF as a donor or philanthropist, please email:&lt;/h3&gt;
&lt;p&gt;&lt;a href=&quot;mailto:info@pplaaf.org&quot;&gt;info@pplaaf.org&lt;/a&gt;&lt;/p&gt;

&lt;h3 id=&quot;for-more-information-on-pplaaf-please-visit&quot;&gt;For more information on PPLAAF, please visit:&lt;/h3&gt;
&lt;p&gt;&lt;a href=&quot;https://pplaaf.org&quot;&gt;https://pplaaf.org&lt;/a&gt;&lt;/p&gt;

&lt;h3 id=&quot;to-follow-pplaaf-follow-its-profiles&quot;&gt;To follow PPLAAF, follow its profiles:&lt;/h3&gt;
&lt;ul&gt;
  &lt;li&gt;Facebook: &lt;a href=&quot;https://www.facebook.com/PPLAAF/&quot;&gt;https://www.facebook.com/PPLAAF/&lt;/a&gt;&lt;/li&gt;
  &lt;li&gt;Twitter: &lt;a href=&quot;https://twitter.com/pplaaf&quot;&gt;@pplaaf&lt;/a&gt;&lt;/li&gt;
&lt;/ul&gt;

&lt;h3 id=&quot;for-further-information-please-contact&quot;&gt;For further information, please contact:&lt;/h3&gt;
&lt;ul&gt;
  &lt;li&gt;In Paris, William Bourdon (French, English): &lt;a href=&quot;mailto:w.bourdon@bourdon-associes.com&quot;&gt;w.bourdon@bourdon-associes.com&lt;/a&gt; or + 33 1 42 60 32 60&lt;/li&gt;
  &lt;li&gt;In Paris, Henri Thulliez (French, English): &lt;a href=&quot;mailto:henri@pplaaf.org&quot;&gt;henri@pplaaf.org&lt;/a&gt; or + 33 7 62 68 49 44&lt;/li&gt;
  &lt;li&gt;In Durban, Khadija Sharife (English): &lt;a href=&quot;mailto:ksharife@gmail.com&quot;&gt;ksharife@gmail.com&lt;/a&gt; or + 27 (71) 688 62 76&lt;/li&gt;
&lt;/ul&gt;

&lt;p&gt;&lt;br /&gt;
&lt;br /&gt;&lt;/p&gt;

&lt;hr /&gt;</content><author><name>PPLAAF</name></author><category term="pressrelease" /><category term="featured" /><category term="DRC" /><summary type="html">PPLAAF reveals whistleblowers revelations of negotiations between the DRC government and Dubai Port World</summary><media:thumbnail xmlns:media="http://search.yahoo.com/mrss/" url="/pressrelease.png" /></entry><entry><title type="html">South Africa&amp;amp;#58 State-Capture puts an end to Jacob Zuma’s presidency</title><link href="/2018/02/15/zuma-presidency-ends.html" rel="alternate" type="text/html" title="South Africa&amp;#58 State-Capture puts an end to Jacob Zuma’s presidency" /><published>2018-02-15T00:00:00+02:00</published><updated>2018-02-15T00:00:00+02:00</updated><id>/2018/02/15/zuma-presidency-ends</id><content type="html" xml:base="/2018/02/15/zuma-presidency-ends.html">&lt;p&gt;&lt;em&gt;(Durban, February 15th, 2018)&lt;/em&gt; – The arrests of some members of the Gupta family as well as president Jacob Zuma’s resignation show South Africans’ will to wipe out state capture, said the Platform to Protect Whistleblowers in Africa (&lt;a href=&quot;https://pplaaf.org/2018/01/29/trillian-goodson-speaks.html&quot;&gt;PPLAAF&lt;/a&gt;) today. Several scandals revealed by whistleblowers shed the light on the highly corrupted regime of Jacob Zuma.&lt;/p&gt;

&lt;p&gt;&lt;em&gt;“This day is a victory for those who fight relentlessly against corruption”, said &lt;a href=&quot;https://pplaaf.org/who-we-are.html&quot;&gt;William Bourdon&lt;/a&gt;, Chairman of PPLAAF. “Whistleblowers and anti-corruption activists, working on the light or in the shade, are the true heroes of this historical day. But true justice will only be achieved when those responsible are properly prosecuted”.&lt;/em&gt;&lt;/p&gt;

&lt;p&gt;On February 14th, 2018, Jacob Zuma formally submitted his resignation as President of South Africa with immediate effect. This followed a recall of Zuma as President by the African National Congress (ANC), South Africa’s ruling political party. The ANC has not given Zuma reasons articulating why he was recalled though “state capture” involving the Gupta family is considered to be a primary cause.&lt;/p&gt;

&lt;p&gt;The resignation came a few hours shy of the raid on the Gupta’s Saxonworld home followed by the arrests of some members of the Gupta family. The raid was conducted by the Hawks, a specialized crime unit with whom the Guptas are allegedly seeking to strike a deal. The President’s son, Duduzane Zuma, is alleged to have confirmed that he will turn himself over to the Hawks.&lt;/p&gt;

&lt;p&gt;The three Gupta brothers moved from India to South Africa in the 1990s and turned a computer parts business into a conglomerate with properties in media, mining and professional services. Duduzane Zuma has worked for the family. They are involved in what is called “State capture”, a term used to describe the pillage of national companies and institutions, corrupting the people of power, as well changing the country’s laws, so they would all work in the private interest’s interest.&lt;/p&gt;

&lt;p&gt;The arrests are a direct consequence of a preservation order which the Asset Forfeiture Unit (part of the country’s National Prosecuting Authority) &lt;a href=&quot;https://pplaaf.org/2018/01/16/embargoed-pressrelease.html&quot;&gt;obtained&lt;/a&gt; in relation to tens of millions siphoned off by the Guptas. The AFU’s efforts were directly aided and complemented by labour federation SAFTU which was supported by PPLAAF’s legal team. These efforts began in October 2017 when criminal charges were laid against Gupta-related company Trillian and its shareholders.&lt;/p&gt;

&lt;p&gt;The success of the initiative was directly dependent on whistleblowers such as &lt;a href=&quot;https://www.dailymaverick.co.za/article/2017-08-09-amabhunhgane-the-woman-who-blew-the-whistle&quot;&gt;Mosilo Mothepu&lt;/a&gt;, &lt;a href=&quot;https://pplaaf.org/2018/01/29/trillian-goodson-speaks.html&quot;&gt;Bianca Goodson&lt;/a&gt; and Suzanne Daniels among other persons who prefer to remain anonymous or confidential.&lt;/p&gt;

&lt;p&gt;Trillian is a South-African consulting firm owned by Salim Essa, an associate of the Gupta family. As Chief Executive Officers, Bianca Goodson and Mosilo Mothepu quickly started noticing shady activities: the firm was using its connections to land lucrative government contracts, such as from national energy company Eskom, then handing them to external partners.&lt;/p&gt;

&lt;p&gt;Feeling lied to by their superiors about the company’s activities, Goodson and Mothepu resigned from Trillian in April 2016. Although the two whistleblowers feared legal consequences and defamation, they both decided to speak up.&lt;/p&gt;

&lt;p&gt;Mothepu sent a statement to Thuli Madonsela, the former public protector, which resulted in the publication in October 2016 of “State of Capture”, a report on the links between the Gupta Family and President Zuma. Goodson &lt;a href=&quot;https://pplaaf.org/2017/09/29/trillian-bg-pressrelease.html&quot;&gt;released&lt;/a&gt; a detailed statement on Trillian’s activities through PPLAAF. They both testified in front of South-African parliament in November 2017.&lt;/p&gt;

&lt;p&gt;&lt;em&gt;“I did what I did because it was the right thing to do. I knew it was my responsibility as a human being, a mother, a citizen of the country and a Christian to stand for my values and principles”, said Bianca Goodson. “I am joyful that things are slowly turning around and that South Africa is standing up for its own values.”&lt;/em&gt;&lt;/p&gt;

&lt;p&gt;PPLAAF’s continued legal, financial, evidentiary, risk analysis and other support to whistleblowers such as Mothepu and Goodson among other as yet unknown whistleblowers, remains steadfast.&lt;/p&gt;

&lt;p&gt;PPLAAF has also partnered with South African media &lt;a href=&quot;http://amabhungane.co.za/&quot;&gt;amaBhungane&lt;/a&gt; and &lt;a href=&quot;https://www.dailymaverick.co.za/article/2017-08-09-amabhunhgane-the-woman-who-blew-the-whistle&quot;&gt;Daily Maverick&lt;/a&gt;, to provide access to the GuptaLeaks through a single portal - Investigative Dashboard via the Organised Crime and Corruption Reporting Project (&lt;a href=&quot;https://www.occrp.org/en&quot;&gt;OCCRP&lt;/a&gt;) with the support of &lt;a href=&quot;http://www.financeuncovered.org/&quot;&gt;Finance Uncovered&lt;/a&gt;.&lt;/p&gt;

&lt;p&gt;These actions constitute the beginning of the process to effect accountability in south Africa’s judicial and democratic system. Prosecution and asset recovery of monies siphoned to and via the United Arab Emirates, India, the United States and the United Kingdom is crucial along with the cooperation of law enforcement and entities including banks and accounting firms. PPLAAF is committed to contribute to the asset recovery, legal strategies and initiatives in prosecuting those who must be held accountable.&lt;/p&gt;

&lt;p&gt;&lt;br /&gt;
&lt;br /&gt;&lt;/p&gt;

&lt;hr /&gt;

&lt;p&gt;PPLAAF is a Senegalese non-governmental organization founded in 2017 by advocate Willian Bourdon with the mandate of supporting whistleblowers and leaks through legal strategy, funding, research, legislation, technology and other needs.&lt;/p&gt;

&lt;h3 id=&quot;to-follow-pplaaf-follow-its-profiles&quot;&gt;To follow PPLAAF, follow its profiles:&lt;/h3&gt;
&lt;ul&gt;
  &lt;li&gt;Facebook: &lt;a href=&quot;https://www.facebook.com/PPLAAF/&quot;&gt;https://www.facebook.com/PPLAAF/&lt;/a&gt;&lt;/li&gt;
  &lt;li&gt;Twitter: &lt;a href=&quot;https://twitter.com/pplaaf&quot;&gt;@pplaaf&lt;/a&gt;&lt;/li&gt;
&lt;/ul&gt;

&lt;h3 id=&quot;for-further-information-please-contact&quot;&gt;For further information, please contact:&lt;/h3&gt;
&lt;ul&gt;
  &lt;li&gt;&lt;a href=&quot;mailto:info@pplaaf.org&quot;&gt;info@pplaaf.org&lt;/a&gt;&lt;/li&gt;
&lt;/ul&gt;

&lt;hr /&gt;</content><author><name></name></author><category term="featured" /><category term="SouthAfrica" /><summary type="html">Disclosures on state capture made possible thanks to whistleblowers must lead to prosecutions.</summary><media:thumbnail xmlns:media="http://search.yahoo.com/mrss/" url="/zuma1.jpg" /></entry><entry><title type="html">Algérie&amp;amp;#58 Les lanceurs d’alerte ne devraient pas subir de représailles</title><link href="/fr/2018/02/01/algerie-lanceurs-dalerte.html" rel="alternate" type="text/html" title="Algérie&amp;#58 Les lanceurs d’alerte ne devraient pas subir de représailles" /><published>2018-02-01T00:00:00+02:00</published><updated>2018-02-01T00:00:00+02:00</updated><id>/fr/2018/02/01/algerie-lanceurs-dalerte</id><content type="html" xml:base="/fr/2018/02/01/algerie-lanceurs-dalerte.html">&lt;!-- &lt;img class=&quot;img-responsive img-post center-block&quot; src=&quot;/assets/img/posts/cyber-journ.jpg&quot;&gt; --&gt;

&lt;p&gt;(Paris, le 2 février 2018) – L’inculpation d’un lanceur d’alerte algérien pour divulgations de secrets d’entreprise le 28 janvier, puis pour diffamation le 31 janvier, montre que la situation des lanceurs dans ce pays demeure préoccupante, a déclaré la Plateforme de Protection des Lanceurs d’Alerte en Afrique (PPLAAF) aujourd’hui.&lt;/p&gt;

&lt;p&gt;Noureddine Tounsi est un ancien responsable commercial de l’Entreprise portuaire d’Oran (EPO), une entreprise publique. Après avoir interpellé sa hiérarchie sur des dysfonctionnements et malversations en lien avec les activités du port, il a saisi le parquet en avril 2016 sur ces faits. A la suite de l’ouverture d’une enquête, il a commencé à subir des représailles de sa hiérarchie en étant mis à pied, rétrogradé puis &lt;a href=&quot;https://algeriepart.com/2017/07/27/documents-exclusifs-port-doran-cadres-menaces-harceles-quils-ont-dit-non-aux-affaires-louches-dali-haddad/&quot; target=&quot;blank&quot;&gt;licencié&lt;/a&gt; en septembre 2016.&lt;/p&gt;

&lt;p&gt;Selon lui, des pratiques frauduleuses étaient réalisées au bénéfice de l’Entreprise des travaux routiers, hydrauliques et bâtiments (ETRHB), société importatrice de marchandises d’Ali Haddad, un important homme d’affaires algérien. Cette société, avec la complicité de responsables de l’EPO, économiserait de grandes sommes d’argent en ne payant pas les redevances prévues à l’importation.&lt;/p&gt;

&lt;p&gt;Divers procédés permettraient d’éviter de payer les redevances : prestations offertes ou sous-facturées, falsification de factures pour bénéficier d’un tarif plus avantageux, modification du type de marchandise importé, recours internes pour contester la facturation de prestations qui n’auraient soi-disant pas eu lieues pour être remboursé, etc.&lt;/p&gt;

&lt;p&gt;Cette affaire a été révélée au public en Algérie par M. Tounsi à partir de 2016 avec les médias Al Akhbar et &lt;a href=&quot;https://algeriepart.com/2017/07/26/enquete-exclusive-port-doran-a-perdu-de-largent-a-cause-dali-haddad/&quot; target=&quot;blank&quot;&gt;Algérie Part&lt;/a&gt;. Il est également soutenu par la Ligue algérienne pour la défense des droits de l’homme (LADDH).&lt;/p&gt;

&lt;p&gt;&lt;em&gt;« Malheureusement, le cas de Noureddine Tounsi n’est pas unique. C’est la règle en Algérie. Tous les lanceurs d’alerte y sont persécutés »&lt;/em&gt;, a déclaré Kaddour Chouicha, vice-président de la LADDH et responsable de la section d’Oran. &lt;em&gt;« Dès 2006, un Organe national de prévention et de lutte contre la corruption (ONPLC) avait été créé, suivi en 2010 par la création d’un Office central de répression de la corruption. L’année 2016 a vu la transformation de l’ONPLC en instance consultative auprès du président de la République, mais cela n’a abouti à aucune avancée en pratique »&lt;/em&gt;.&lt;/p&gt;

&lt;p&gt;M. Tounsi a récemment créé un Comité national de défense des dénonciations de la corruption en Algérie.&lt;/p&gt;

&lt;p&gt;Une autre affaire révélée par Noureddine Tounsi sur l’EPO met en cause la corruption du président des œuvres sociales de cette entreprise dans le cadre de pèlerinages à La Mecque offerts aux employés et ex-employés de l’entreprise. Les organismes de voyage associés auraient été choisis sans appel d’offre et traiteraient avec le port sans aucune convention et en espèces, au mépris de la législation relative aux marchés publics.&lt;/p&gt;

&lt;p&gt;Le juge d’instruction en charge de l’enquête sur la fraude à la facturation de marchandises a ordonné un non-lieu le 24 octobre 2017. A la suite d’un appel contre cette décision, ce non-lieu a été annulé le 17 décembre, mais jusqu’à aujourd’hui, l’enquête ne semble pas avoir repris.&lt;/p&gt;

&lt;p&gt;Alors que les enquêtes sur les accusations de M. Tounsi n’avancent pas, celles lancées contre lui par son ancien employeur sont en revanche traitées rapidement. M. Tounsi fait en effet désormais l’objet de représailles de la part de l’EPO qui a déposé plusieurs plaintes pénales contre lui, notamment pour injure, diffamation et divulgation de secrets d’entreprise.&lt;/p&gt;

&lt;p&gt;Il a été inculpé le 31 janvier pour diffamation dans l’affaire de fraude à la redevance, alors même que l’enquête est toujours en cours depuis l’annulation du non-lieu.&lt;/p&gt;

&lt;p&gt;&lt;em&gt;« Nul ne devrait faire l’objet de représailles pour avoir dénoncé des activités contraires à la loi ou à l’intérêt général. Après avoir dénoncé en interne les malversations puis auprès des autorités, M. Tounsi a été licencié et poursuivis pénalement pour avoir fait ce qui lui semblait juste »&lt;/em&gt;, a déclaré Henri Thulliez, membre du conseil d’administration de PPLAAF. &lt;em&gt;« Les lanceurs d’alerte ne doivent plus être muselés. Il n’y aura pas de lutte efficace contre la corruption sans une véritable protection des lanceurs d’alerte »&lt;/em&gt;.&lt;/p&gt;

&lt;p&gt;L’article 45 de la loi n°06-01 du 20 février 2006 relative à la prévention et à la lutte contre la corruption incrimine les vengeances et intimidations sous toutes formes à l’égard des dénonciateurs. En outre, depuis une réforme de 2015, le Code de procédure pénale algérien prévoit aux articles 65 bis 19 et suivants des mesures pour protéger les lanceurs d’alerte dans des affaires de corruption en leur qualité de témoins, notamment la protection de leur identité pendant la procédure. Cependant, les autorités judiciaires auraient refusé toute protection à M. Tounsi jusqu’à présent.&lt;/p&gt;

&lt;p&gt;PPLAAF appelle les autorités algériennes à protéger effectivement les lanceurs d’alerte, arrêter toutes les poursuites engagées contre M. Tounsi et sanctionner toute personne responsable et complice de ce harcèlement judiciaire.&lt;/p&gt;

&lt;p&gt;Un lanceur d’alerte est une personne qui révèle des informations concernant des actes illégaux, illicites ou contraires à l’intérêt général dont il a été témoin dans le contexte de sa relation de travail.&lt;/p&gt;

&lt;p&gt;&lt;a href=&quot;https://pplaaf.org/fr&quot;&gt;PPLAAF&lt;/a&gt; est une organisation non gouvernementale sénégalaise créée en mars 2017 proposant un spectre entier de solutions pour pourvoir aux différents besoins des lanceurs d’alerte : encryptage d’un bout à l’autre de la communication, soutien juridique gratuit en conseils ou en représentation légale contre des employeurs ou autre, assistance continue pour protéger le lanceur d’alerte dans la divulgation de l’information au public, développement de législations protégeant les lanceurs d’alerte.&lt;/p&gt;

&lt;p&gt;&lt;br /&gt;&lt;/p&gt;

&lt;hr /&gt;

&lt;h3 id=&quot;pour-plus-dinformations-sur-pplaaf-visitez-les-pages-&quot;&gt;Pour plus d’informations sur PPLAAF, visitez les pages :&lt;/h3&gt;
&lt;ul&gt;
  &lt;li&gt;&lt;a href=&quot;https://pplaaf.org/&quot;&gt;https://pplaaf.org/&lt;/a&gt;&lt;/li&gt;
  &lt;li&gt;Facebook: &lt;a href=&quot;https://fr-fr.facebook.com/PPLAAF/&quot;&gt;https://fr-fr.facebook.com/PPLAAF/&lt;/a&gt;&lt;/li&gt;
  &lt;li&gt;Twitter: &lt;a href=&quot;https://twitter.com/pplaaf&quot;&gt;@pplaaf&lt;/a&gt;&lt;/li&gt;
&lt;/ul&gt;

&lt;hr /&gt;</content><author><name>PPLAAF</name></author><category term="fr" /><category term="featured" /><summary type="html">Algérie&amp;#58 Les lanceurs d’alerte ne devraient pas subir de représailles. Un lanceur d’alerte poursuivi après avoir dénoncé des malversations au sein d’une entreprise publique</summary><media:thumbnail xmlns:media="http://search.yahoo.com/mrss/" url="/pressrelease.png" /></entry><entry><title type="html">Trillian – Bianca Goodson Speaks</title><link href="/2018/01/29/trillian-goodson-speaks.html" rel="alternate" type="text/html" title="Trillian – Bianca Goodson Speaks" /><published>2018-01-29T00:00:00+02:00</published><updated>2018-01-29T00:00:00+02:00</updated><id>/2018/01/29/trillian-goodson-speaks</id><content type="html" xml:base="/2018/01/29/trillian-goodson-speaks.html">&lt;p&gt;In an in-depth interview, former Trillian executive, Bianca Goodson lifts the lid on the inner workings of the Gupta empire, revealing how Gupta-linked companies planned to siphon billions from State-owned enterprises. Goodson also opens up to Carte Blanche about the secret life of a whistle-blower – the fear, anxiety and depression associated with speaking up.&lt;/p&gt;

&lt;p&gt;&lt;a href=&quot;https://carteblanche.dstv.com/trillian-bianca-goodson-speaks/&quot; target=&quot;blank&quot;&gt;&lt;img class=&quot;img-responsive img-post center-block&quot; src=&quot;/assets/img/posts/carteblanche2.jpg&quot; /&gt;&lt;/a&gt;
&lt;br /&gt;
View the video &lt;a href=&quot;https://carteblanche.dstv.com/trillian-bianca-goodson-speaks/&quot; target=&quot;blank&quot;&gt;here&lt;/a&gt;&lt;/p&gt;

&lt;p&gt;&lt;br /&gt;
&lt;br /&gt;&lt;/p&gt;

&lt;hr /&gt;

&lt;h3 id=&quot;to-follow-pplaaf-follow-its-profiles&quot;&gt;To follow PPLAAF, follow its profiles:&lt;/h3&gt;
&lt;ul&gt;
  &lt;li&gt;Facebook: &lt;a href=&quot;https://www.facebook.com/PPLAAF/&quot;&gt;https://www.facebook.com/PPLAAF/&lt;/a&gt;&lt;/li&gt;
  &lt;li&gt;Twitter: &lt;a href=&quot;https://twitter.com/pplaaf&quot;&gt;@pplaaf&lt;/a&gt;&lt;/li&gt;
&lt;/ul&gt;

&lt;h3 id=&quot;for-further-information-please-contact&quot;&gt;For further information, please contact:&lt;/h3&gt;
&lt;ul&gt;
  &lt;li&gt;&lt;a href=&quot;mailto:info@pplaaf.org&quot;&gt;info@pplaaf.org&lt;/a&gt;&lt;/li&gt;
&lt;/ul&gt;

&lt;hr /&gt;</content><author><name></name></author><category term="featured" /><category term="SouthAfrica" /><summary type="html">In an in-depth interview, former Trillian executive, Bianca Goodson lifts the lid on the inner workings of the Gupta empire, revealing how Gupta-linked companies planned to siphon billions from State-owned enterprises. Goodson also opens up to Carte Blanche about the secret life of a whistle-blower – the fear, anxiety and depression associated with speaking up.</summary><media:thumbnail xmlns:media="http://search.yahoo.com/mrss/" url="/carteblanche2.jpg" /></entry><entry><title type="html">Saftu welcomes AFU action</title><link href="/2018/01/22/saftu-welcomes-afu-action.html" rel="alternate" type="text/html" title="Saftu welcomes AFU action" /><published>2018-01-22T00:00:00+02:00</published><updated>2018-01-22T00:00:00+02:00</updated><id>/2018/01/22/saftu-welcomes-afu-action</id><content type="html" xml:base="/2018/01/22/saftu-welcomes-afu-action.html">&lt;p&gt;&lt;img class=&quot;img-responsive img-post center-block&quot; src=&quot;/assets/img/posts/saftu.jpg&quot; /&gt;
&lt;br /&gt;
&lt;br /&gt;&lt;/p&gt;

&lt;p&gt;JOHANNESBURG - &lt;a href=&quot;http://saftu.org.za/&quot;&gt;The South African Federation of Trade Unions (Saftu)&lt;/a&gt; has welcomed the preservation order granted by the Free State High Court in Bloemfontein against the Gupta-linked Estina dairy business.&lt;/p&gt;

&lt;p&gt;Judge Fouche Jordaan on Thursday ordered that money, not exceeding an amount of R220,202,652 - money described in the order as being the “proceeds of crime” - be frozen.&lt;/p&gt;

&lt;p&gt;Jordaan also ordered that “the remaining extent of the farm Krynaauws Lust 275, district Vrede” in the Free State, which is co-owned by President Jacob Zuma’s son Duduzane Zuma and other entities in the Gupta empire, be preserved and that the farm be put under curatorship of the National Prosecuting Authority’s (NPA) Asset Forfeiture Unit (AFU), Saftu said in a statement on Sunday.&lt;/p&gt;

&lt;p&gt;Saftu congratulates all those, including the federation itself, whose relentless pressure forced the AFU to act and hopes that this court order and the action by the AFU will be followed by similar action against all those implicated, directly or indirectly in the looting of public funds,” the union federation said.&lt;/p&gt;

&lt;p&gt;Earlier, court documents that came to light this week exposed how the notorious politically-connected Gupta family, along with high ranking politicians and government employees, milked the country and skimmed from the poor through a multi-million rand dairy farm deal in the Free State.&lt;/p&gt;

&lt;p&gt;The looting is revealed in the preservation order granted to the AFU on Thursday by Judge Jordaan.&lt;/p&gt;

&lt;p&gt;The court ordered that an amount not exceeding R220,202,652 “which constitutes proceeds of crime” could be seized by the AFU from various bank accounts linked to the Estina dairy project in Vrede in the Free State.&lt;/p&gt;

&lt;p&gt;The vast sum of money was paid in seven tranches between April 2013 and May 2016. Soon after it had been deposited into the dairy project’s accounts, the money was transferred to the accounts of several other Gupta-linked companies.&lt;/p&gt;

&lt;p&gt;Nkosiphendule Mradla, the AFU prosecutor who filed the preservation order in the Free State High Court, said the evidence submitted to the court revealed that the “entire project, including the very land on which it was located, was merely part of the necessary packaging that was required to achieve the ultimate aim and objective of swindling the department of the funds”.&lt;/p&gt;

&lt;p&gt;“The respective parties worked jointly… with the ultimate purpose of forcing the department to make financial commitments in a business idea that was in clear failure from the outset. In the circumstances, I submit that the entire project, including the land it was located on, were instrumentalities of the evident theft, fraud, and money laundering,” said Mradla.&lt;/p&gt;

&lt;p&gt;The Estina dairy project, supposedly established to benefit emerging black farmers, was set up while Mineral Resources Minister Mosebenzi Zwane was MEC for agriculture in the province.&lt;/p&gt;

&lt;p&gt;The Zwane-led agricultural department signed the Vrede dairy farm agreement with Estina on 5 July 2012. Estina (Pty) Ltd’s sole director and shareholder was Kamal Vasram, a former sales manager at another Gupta-owned business, Sahara Computers. Vasram paid himself R4 million from the project coffers.&lt;/p&gt;

&lt;p&gt;The AFU application details how Atul Gupta personally benefited to the tune of R10-million while further stating “there was no justification for the payment of an amount of R14.5-million to Oakbay Investments as its core business is not agriculture”. Oakbay Investments is one of the Gupta family’s main business vehicles in South Africa.&lt;/p&gt;

&lt;p&gt;&lt;br /&gt;&lt;/p&gt;

&lt;hr /&gt;

&lt;p&gt;From the African News Agency via &lt;a href=&quot;https://www.enca.com/south-africa/saftu-welcomes-afu-s-action-to-recover-gupta-linked-proceeds-of-crime&quot; target=&quot;_blank&quot;&gt;ENCA.com&lt;/a&gt;&lt;/p&gt;

&lt;hr /&gt;

&lt;h3 id=&quot;to-follow-pplaaf-follow-its-profiles&quot;&gt;To follow PPLAAF, follow its profiles:&lt;/h3&gt;
&lt;ul&gt;
  &lt;li&gt;Facebook: &lt;a href=&quot;https://www.facebook.com/PPLAAF/&quot;&gt;https://www.facebook.com/PPLAAF/&lt;/a&gt;&lt;/li&gt;
  &lt;li&gt;Twitter: &lt;a href=&quot;https://twitter.com/pplaaf&quot;&gt;@pplaaf&lt;/a&gt;&lt;/li&gt;
&lt;/ul&gt;

&lt;h3 id=&quot;for-further-information-please-contact&quot;&gt;For further information, please contact:&lt;/h3&gt;
&lt;ul&gt;
  &lt;li&gt;&lt;a href=&quot;mailto:info@pplaaf.org&quot;&gt;info@pplaaf.org&lt;/a&gt;&lt;/li&gt;
&lt;/ul&gt;

&lt;hr /&gt;</content><author><name></name></author><category term="featured" /><category term="SouthAfrica" /><summary type="html">Saftu congratulates all those, including the federation itself, whose relentless pressure forced the AFU to act, the trade union said in a statement on Sunday.</summary><media:thumbnail xmlns:media="http://search.yahoo.com/mrss/" url="/saftu.jpg" /></entry><entry><title type="html">First Strike From the AFU</title><link href="/2018/01/22/first-strike-afu.html" rel="alternate" type="text/html" title="First Strike From the AFU" /><published>2018-01-22T00:00:00+02:00</published><updated>2018-01-22T00:00:00+02:00</updated><id>/2018/01/22/first-strike-afu</id><content type="html" xml:base="/2018/01/22/first-strike-afu.html">&lt;p&gt;This week the Asset Forfeiture Unit launched their first strike against international consulting company McKinsey and the Gupta-linked company, Trillian. Their preservation order freezes R1.6 billion, but that is just the beginning, says the NPA. They hope to recover another R50- billion. In an exclusive interview, Carte Blanche sits down with Suzanne Daniels, the Eskom executive, who was the first to recommend these companies pay back the money, but was suspended shortly afterwards.&lt;/p&gt;

&lt;p&gt;&lt;a href=&quot;https://carteblanche.dstv.com/first-strike-afu/&quot; target=&quot;blank&quot;&gt;&lt;img class=&quot;img-responsive img-post center-block&quot; src=&quot;/assets/img/posts/carteblanche1.jpg&quot; /&gt;&lt;/a&gt;
&lt;br /&gt;
View the video &lt;a href=&quot;https://carteblanche.dstv.com/first-strike-afu/&quot; target=&quot;blank&quot;&gt;here&lt;/a&gt;&lt;/p&gt;

&lt;p&gt;&lt;br /&gt;
&lt;br /&gt;&lt;/p&gt;

&lt;hr /&gt;

&lt;h3 id=&quot;to-follow-pplaaf-follow-its-profiles&quot;&gt;To follow PPLAAF, follow its profiles:&lt;/h3&gt;
&lt;ul&gt;
  &lt;li&gt;Facebook: &lt;a href=&quot;https://www.facebook.com/PPLAAF/&quot;&gt;https://www.facebook.com/PPLAAF/&lt;/a&gt;&lt;/li&gt;
  &lt;li&gt;Twitter: &lt;a href=&quot;https://twitter.com/pplaaf&quot;&gt;@pplaaf&lt;/a&gt;&lt;/li&gt;
&lt;/ul&gt;

&lt;h3 id=&quot;for-further-information-please-contact&quot;&gt;For further information, please contact:&lt;/h3&gt;
&lt;ul&gt;
  &lt;li&gt;&lt;a href=&quot;mailto:info@pplaaf.org&quot;&gt;info@pplaaf.org&lt;/a&gt;&lt;/li&gt;
&lt;/ul&gt;

&lt;hr /&gt;</content><author><name></name></author><category term="featured" /><category term="SouthAfrica" /><summary type="html">This week the Asset Forfeiture Unit launched their first strike against international consulting company McKinsey and the Gupta-linked company, Trillian. Their preservation order freezes R1.6 billion, but that is just the beginning, says the NPA.</summary><media:thumbnail xmlns:media="http://search.yahoo.com/mrss/" url="/carteblanche1.jpg" /></entry><entry><title type="html">Press Release</title><link href="/2018/01/16/embargoed-pressrelease.html" rel="alternate" type="text/html" title="Press Release" /><published>2018-01-16T00:00:00+02:00</published><updated>2018-01-16T00:00:00+02:00</updated><id>/2018/01/16/embargoed-pressrelease</id><content type="html" xml:base="/2018/01/16/embargoed-pressrelease.html">&lt;!-- &lt;img class=&quot;img-responsive img-post center-block&quot; src=&quot;/assets/img/posts/saftu.jpg&quot;&gt;  --&gt;
&lt;!-- &lt;br&gt; --&gt;
&lt;h2 id=&quot;south-africa-authorities-to-seize-illicitly-gained-gupta-linked-assets&quot;&gt;South Africa: Authorities to seize illicitly gained Gupta-linked assets&lt;/h2&gt;
&lt;h3 id=&quot;whistleblower-testimonies-and-leading-labor-union-help-drive-asset-recovery-of-stolen-resources-from-state-owned-entities&quot;&gt;Whistleblower testimonies and leading labor union help drive asset recovery of stolen resources from state-owned entities&lt;/h3&gt;

&lt;hr /&gt;

&lt;p&gt;(Durban, December 19th, 2017) - South Africa’s state-run Asset Forfeiture Unit (AFU) based within the National Prosecuting Authority (NPA) has moved to seize alleged illicitly obtained assets of Gupta-linked firm, Trillian, said today the Platform to Protect Whistleblowers in Africa (&lt;a href=&quot;https://pplaaf.org/&quot;&gt;PPLAAF&lt;/a&gt;). Previously co-owned by Gupta associate Salim Essa, Trillian was one of several umbrella entities involved in a vast raid on state-owned budgets – described as “State capture”.&lt;/p&gt;

&lt;p&gt;On 16 January 2018, McKinsey and Co will be served with an asset seizure order in terms of South Africa’s Prevention of Organised Crimes Act (POCA). This order arises from the illegal payment of monies from state owned electricity utility, Eskom, to McKinsey and Co and the Gupta-connected company Trillian. The Guptas are a family who have been widely accused of exploiting their close connection to President Zuma to corruptly score government work and influence policy. McKinsey has had R1.1 billion seized and Trillian R595m.&lt;/p&gt;

&lt;p&gt;Purportedly created to operate for the “current dispensation” only – an alleged reference to those empowered by incumbent President’s Zuma rule, Trillian’s schemes were exposed by its own former CEOs who turned whistleblower: Mosilo Mothepu and Bianca Goodson.&lt;/p&gt;

&lt;p&gt;PPLAAF has worked with the AFU team that recently achieved the promising milestone of seizing the assets of Trillian as being the suspected proceeds of crime.&lt;/p&gt;

&lt;p&gt;&lt;em&gt;“For PPLAAF, to assist the very courageous Trillian whistleblowers to tell their story was not enough”&lt;/em&gt;, said &lt;a href=&quot;https://pplaaf.org/who-we-are.html&quot;&gt;William Bourdon&lt;/a&gt;, President of PPLAAF. &lt;em&gt;“There had to be consequences for those who acted corruptly and then persecuted the whistleblowers for coming forward”.&lt;/em&gt;&lt;/p&gt;

&lt;p&gt;To that end, PPLAAF supported and partnered with South African Federation of Trade Unions (SAFTU), comprised of 700.000 South African union workers, which filed charges against Trillian and to gather evidence in support of both criminal charges and civil forfeiture including fraud, theft, corruption and money laundering.&lt;/p&gt;

&lt;p&gt;&lt;em&gt;“We will not allow the evidence to be swept under the carpet,”&lt;/em&gt; declared SAFTU General Secretary and renowned union leader, Zwelinzima Vavi, confirming also that SAFTU’s mobilized masses had &lt;em&gt;“literally given them (NPA and police) every piece of information”&lt;/em&gt; needed for the case against Trillian and those acting in collusion, including state-owned electricity provider Eskom and the government’s transport entity, Transnet.&lt;/p&gt;

&lt;p&gt;&lt;em&gt;“We believed that those bearing the brunt of economic inequality and exploitation suffer the most when corruption is allowed to flourish for elite interests”, said Bourdon. “When it became clear that the good lawyers and investigators in the AFU were indeed serious about their job, PPLAAF assisted in the application.”&lt;/em&gt;&lt;/p&gt;

&lt;p&gt;Much work needs to be done, many bank accounts to attach and monies to bring back to the people of South Africa. PPLAAF is expanding its focus and resources to these efforts, alongside other organizations.&lt;/p&gt;

&lt;p&gt;These and other whistleblowers’ courage formed the basis of these initiatives. In risking their lives to help put information in the hands of South Africa’s legal, parliamentary and media platforms, they suffered losses ranging from family to employment that remain long after the fact. The &lt;a href=&quot;https://pplaaf.org/2017/11/10/capture-revelations.html&quot;&gt;testimonies&lt;/a&gt; provided by Mothepu and Goodson have formed the basis of various reports including that of former Public Protector Thuli Madonsela’s investigation, titled “State of Capture” as well as the “Budlender” report, authored by advocate Geoff Budlender as Trillian’s own internal investigation.&lt;/p&gt;

&lt;p&gt;PPLAAF is a Senegalese non-governmental organisation founded in 2017 by advocate Willian Bourdon with the mandate of supporting whistleblowers and leaks through legal strategy, funding, research, legislation, technology and other needs.&lt;/p&gt;

&lt;p&gt;&lt;br /&gt;
PPLAAF &lt;br /&gt;
&lt;a href=&quot;mailto:info@pplaaf.org&quot;&gt;info@pplaaf.org&lt;/a&gt;&lt;/p&gt;

&lt;p&gt;&lt;br /&gt;&lt;/p&gt;
&lt;h3 id=&quot;links-to-this-story-elsewhere&quot;&gt;Links to this story elsewhere:&lt;/h3&gt;
&lt;ul&gt;
  &lt;li&gt;&lt;a href=&quot;https://www.dailymaverick.co.za/article/2018-01-15-scorpio-gupta-linked-trillian-and-mckinseys-assets-to-be-frozen-by-order-of-high-court/&quot;&gt;DailyMaverick Scorpio: Gupta-linked Trillian and McKinsey’s assets to be frozen by order of High Court&lt;/a&gt;&lt;/li&gt;
  &lt;li&gt;&lt;a href=&quot;http://www.enca.com/south-africa/saftu-applauds-mckinsey-and-trillian-asset-freeze&quot;&gt;ENCA: Saftu applauds McKinsey and Trillian asset freeze&lt;/a&gt;&lt;/li&gt;
&lt;/ul&gt;

&lt;p&gt;&lt;br /&gt;
&lt;br /&gt;&lt;/p&gt;

&lt;hr /&gt;

&lt;h3 id=&quot;to-follow-pplaaf-follow-its-profiles&quot;&gt;To follow PPLAAF, follow its profiles:&lt;/h3&gt;
&lt;ul&gt;
  &lt;li&gt;Facebook: &lt;a href=&quot;https://www.facebook.com/PPLAAF/&quot;&gt;https://www.facebook.com/PPLAAF/&lt;/a&gt;&lt;/li&gt;
  &lt;li&gt;Twitter: &lt;a href=&quot;https://twitter.com/pplaaf&quot;&gt;@pplaaf&lt;/a&gt;&lt;/li&gt;
&lt;/ul&gt;

&lt;h3 id=&quot;for-further-information-please-contact&quot;&gt;For further information, please contact:&lt;/h3&gt;
&lt;ul&gt;
  &lt;li&gt;In Paris, William Bourdon (French, English): &lt;a href=&quot;mailto:w.bourdon@bourdon-associes.com&quot;&gt;w.bourdon@bourdon-associes.com&lt;/a&gt; or + 33 1 42 60 32 60&lt;/li&gt;
  &lt;li&gt;In Johannesburg, Khadija Sharife (English): &lt;a href=&quot;mailto:ksharife@gmail.com&quot;&gt;ksharife@gmail.com&lt;/a&gt; or + 27 (71) 688 62 76&lt;/li&gt;
&lt;/ul&gt;

&lt;hr /&gt;</content><author><name>PPLAAF</name></author><category term="pressrelease" /><category term="featured" /><summary type="html">South Africa&amp;#58 Authorities to seize illicitly gained Gupta-linked assets. Whistleblower testimonies and leading labor union help drive asset recovery of stolen resources from state-owned entities</summary><media:thumbnail xmlns:media="http://search.yahoo.com/mrss/" url="/pressrelease.png" /></entry></feed>