<?xml version="1.0" encoding="utf-8"?><feed xmlns="http://www.w3.org/2005/Atom" ><generator uri="https://jekyllrb.com/" version="3.7.2">Jekyll</generator><link href="http://localhost:4000/feed.xml" rel="self" type="application/atom+xml" /><link href="http://localhost:4000/" rel="alternate" type="text/html" /><updated>2018-05-03T20:55:47+02:00</updated><id>http://localhost:4000/</id><title type="html">PPLAAF</title><subtitle>Platform for the Protection of Whistleblowers in Africa</subtitle><entry><title type="html">Press Release&amp;amp;#58 Harassment of Nigerian Whistleblower Unacceptable</title><link href="http://localhost:4000/2018/05/04/harassment-nigerian-whistleblower.html" rel="alternate" type="text/html" title="Press Release&amp;#58 Harassment of Nigerian Whistleblower Unacceptable" /><published>2018-05-04T00:00:00+02:00</published><updated>2018-05-04T00:00:00+02:00</updated><id>http://localhost:4000/2018/05/04/harassment-nigerian-whistleblower</id><content type="html" xml:base="http://localhost:4000/2018/05/04/harassment-nigerian-whistleblower.html">&lt;p&gt;(Paris, May 4th , 2018) – Nigerian authorities must respect judicial decisions and protect whistleblower Aaron Kaase who revealed acts of corruption within the police from any kind of reprisals, said the Platform to Protect Whistleblowers in Africa (PPLAAF) and The Civil Society Network Against Corruption (&lt;a href=&quot;https://www.facebook.com/csnacng/&quot; target=&quot;_blank&quot;&gt;CSNAC&lt;/a&gt;) today.&lt;/p&gt;

&lt;p&gt;Mr. Kaase has been working as a senior officer with the PSC (Police Services Commission), an agency that oversights the Nigeria Police Force, since 2003. In May 2015, Mr. Kaase had strong suspicions of fraud. According to his disclosure and further investigations, the PSC had received 350 million Naira (about 821,000 euros) from the National Security Agency to train its staff members on monitoring of police conduct during the elections. The PSC had budgeted for the training of 900 staff and to conduct trainings in Abuja, Lagos and Kano. Yet the entire force was little more than 400 people. The “mock trainings” were organized in Nasarawa State instead of Kano, Lagos and Abuja.&lt;/p&gt;

&lt;p&gt;Mr. Kaase then petitioned both the Independent Corrupt Practices Commission (ICPC) and the Economic and the Financial Crimes Commission (EFCC). As a result, he has been arrested, detained and harassed, as well as suspended from his work. He has only recently been reinstated in his position, after a court in Abuja upheld his submission on November 28th, 2017.&lt;/p&gt;

&lt;p&gt;As a result of his petitions, the ICPC charged Emmanuel Ibe, PSC Director of Administration and Finance, with 10 counts of fraud in a Nigerian court. Curiously, the ICPC found no criminal infraction on the person of Mike Okiro, Chairman of the PSC.&lt;/p&gt;

&lt;p&gt;In the meanwhile, on May 2015, Mr. Okiro, through the police, had pressed charges against Mr. Kaase for breach of trusts, cheating offense, and unlawful possession. The charges raised strong concerns as the prosecutor failed to bring witnesses and evidence to support the claims against Mr. Kaase for over a year, and eventually being struck out by a magistrate. A replica charge was filed at a Nigerian High Court in 2016 by the prosecutor, but Mr. Kaase was, yet again, acquitted of all charges on March 13th, 2018.&lt;/p&gt;

&lt;p&gt;The High Court Judge voiced a strong opinion against it, saying it has &lt;em&gt;“resorted to fishing for evidence in order to prosecute the case.”&lt;/em&gt; But the prosecutor has sadly decided to charge the exact same file at another Nigerian high court, of coordinate jurisdiction with the previous, on April 4th, 2018.&lt;/p&gt;

&lt;p&gt;&lt;em&gt;“This disrespect of the rule of law is worrying”&lt;/em&gt;, said PPLAAF’s Director Khadija Sharife. &lt;em&gt;“In light of Nigerian Parliamentarians efforts to adopt a whistleblower protection law, we urge on the authorities to cease harassing those who bravely unravel corruption schemes”&lt;/em&gt;.&lt;/p&gt;

&lt;p&gt;&lt;em&gt;“The desired change in the society and government is still far from reality”&lt;/em&gt;, said CSNAC Chairman Olanrewaju Suraju. &lt;em&gt;“Relics of previous perfidious governments still run riot in the current regime. The courage of Kaase is saluted and CSNAC is committed to ensuring justice for him and the prosecution of Mr. Okiro for his shenanigans.”&lt;/em&gt;&lt;/p&gt;

&lt;p&gt;Kaase does not regret his decision to blow the whistle, even in these difficult times. &lt;em&gt;“Blowing the whistle has to come from your strength, for you to work for a better society. You can do it in your own name or through an NGO, but if no one speaks out society will not get better.”&lt;/em&gt;&lt;/p&gt;

&lt;p&gt;CSNAC has repetitively petitioned Nigerian authorities, requesting that Mr. Kaase and his family would be protected from retaliation as well as the prosecution of Mr. Okiro for the alleged corruption. The actions of CSNAC attracted legal threat and political harassment against the group.&lt;/p&gt;

&lt;p&gt;PPLAAF and CSNAC have been standing by Mr. Kaase’s side, providing counsel to his lawyers, promoting his case on local media and assisting him with financial support for his legal proceedings.&lt;/p&gt;

&lt;p&gt;In Nigeria, many revelations on corruptive activities have recently been made possible thanks to whistleblowers despite the absence of a proper law protecting them. PPLAAF has been helping Nigerian parliamentarians to adopt a strong and progressive bill to protect whistleblowers.&lt;/p&gt;

&lt;h3 id=&quot;for-more-information-on-pplaaf-and-csnac-please-visit&quot;&gt;For more information on PPLAAF and CSNAC, please visit:&lt;/h3&gt;
&lt;p&gt;&lt;a href=&quot;https://pplaaf.org&quot;&gt;pplaaf.org&lt;/a&gt;
&lt;a href=&quot;https://www.facebook.com/csnacng/&quot;&gt;https://www.facebook.com/csnacng/&lt;/a&gt;&lt;/p&gt;

&lt;h3 id=&quot;to-follow-pplaaf-follow-its-profiles&quot;&gt;To follow PPLAAF, follow its profiles:&lt;/h3&gt;
&lt;ul&gt;
  &lt;li&gt;Facebook: &lt;a href=&quot;https://www.facebook.com/PPLAAF/&quot;&gt;https://www.facebook.com/PPLAAF/&lt;/a&gt;&lt;/li&gt;
  &lt;li&gt;Twitter: &lt;a href=&quot;https://twitter.com/pplaaf&quot;&gt;@pplaaf&lt;/a&gt;&lt;/li&gt;
&lt;/ul&gt;

&lt;h3 id=&quot;for-further-information-please-contact&quot;&gt;For further information, please contact:&lt;/h3&gt;
&lt;ul&gt;
  &lt;li&gt;PPLAAF: In Paris, Henri Thulliez (French, English): &lt;a href=&quot;mailto:info@pplaaf.org&quot;&gt;info@pplaaf.org&lt;/a&gt;&lt;/li&gt;
  &lt;li&gt;PPLAAF: In Durban, Khadija Sharife (English): &lt;a href=&quot;mailto:ksharife@gmail.com&quot;&gt;ksharife@gmail.com&lt;/a&gt; or + 27 (71) 688 62 76&lt;/li&gt;
  &lt;li&gt;CSNAC: &lt;a href=&quot;mailto:info@csnacng.org&quot;&gt;info@csnacng.org&lt;/a&gt;&lt;/li&gt;
&lt;/ul&gt;

&lt;p&gt;&lt;br /&gt;
&lt;br /&gt;&lt;/p&gt;

&lt;hr /&gt;</content><author><name>PPLAAF</name></author><category term="pressrelease" /><category term="featured" /><category term="Nigeria" /><summary type="html">Nigeria&amp;#58 Reprisals against whistleblowers should stop</summary><media:thumbnail xmlns:media="http://search.yahoo.com/mrss/" url="http://localhost:4000/pressrelease.png" /></entry><entry><title type="html">Press Release&amp;amp;#58 Algérie&amp;amp;#58 Début du procès d’un lanceur d’alerte</title><link href="http://localhost:4000/fr/2018/04/09/algerie-debut-proces-lanceur.html" rel="alternate" type="text/html" title="Press Release&amp;#58 Algérie&amp;#58 Début du procès d’un lanceur d’alerte" /><published>2018-04-09T00:00:00+02:00</published><updated>2018-04-09T00:00:00+02:00</updated><id>http://localhost:4000/fr/2018/04/09/algerie-debut-proces-lanceur</id><content type="html" xml:base="http://localhost:4000/fr/2018/04/09/algerie-debut-proces-lanceur.html">&lt;p&gt;&lt;img class=&quot;img-responsive img-post center-block&quot; src=&quot;/assets/img/posts/oran_facade_maritime.jpg&quot; /&gt;
&lt;br /&gt;
(Paris, le 9 avril 2018) – Les juridictions algériennes doivent s’assurer que les principes fondamentaux du procès équitable sont respectés pendant le procès de Noureddine Tounsi, a déclaré la Plateforme de Protection des Lanceurs d’Alerte en Afrique (PPLAAF) aujourd’hui. Les juridictions algériennes ne devraient pas condamner les lanceurs d’alerte qui dénoncent des actes illégaux ou contraires à l’intérêt général.&lt;/p&gt;

&lt;p&gt;Le lanceur d’alerte algérien Nourredine Tounsi est convoqué au tribunal de la Cité Djamel à Oran, le 10 avril 2018, pour être jugé dans deux procès des faits d’injure, menace et diffamation, ainsi que pour divulgation de secret d’entreprise. Ces audiences de jugement font suite à deux plaintes déposées contre lui par son ancien employeur, après qu’il a dénoncé aux autorités des cas de malversations ayant cours au sein de son entreprise.&lt;/p&gt;

&lt;p&gt;« &lt;em&gt;Le cas de M. Tounsi ressemble bien à ceux d’autres lanceurs d’alerte qui sont victimes de graves représailles&lt;/em&gt; », a déclaré Henri Thulliez, membre du conseil d’administration de PPLAAF. « &lt;em&gt;Au lieu d’enquêter avec diligence sur les faits de corruption dénoncés et d’en poursuivre les auteurs, les autorités algériennes semblent préférer s’attaquer à M. Tounsi&lt;/em&gt; ».&lt;/p&gt;

&lt;p&gt;M. Tounsi était responsable commercial de l’Entreprise portuaire d’Oran (EPO), une entreprise publique. Selon lui, des pratiques frauduleuses étaient réalisées au bénéfice de l’Entreprise des travaux routiers, hydrauliques et bâtiments (ETRHB), une société importatrice de marchandises. Cette société, avec la complicité de responsables de l’EPO, économiserait de grandes sommes d’argent en ne payant pas les redevances prévues à l’importation.&lt;/p&gt;

&lt;p&gt;Dans une autre affaire, M. Tounsi a révélé que des importateurs privés s’arrangent avec l’Office algérien interprofessionnel des céréales (OAIC) pour faire passer leurs bateaux avant ceux de l’OAIC quand bien même ils seraient arrivés après. Dès lors, l’OAIC perd de l’argent en devant payer des pénalités de retard que les importateurs privés ne payent pas.&lt;/p&gt;

&lt;p&gt;Il a interpellé sa hiérarchie en avril 2016 sur ces dysfonctionnements et malversations en lien avec les activités du port. Au lieu de mettre fin à ces pratiques frauduleuses et de sanctionner les responsables, sa hiérarchie lui a fait comprendre qu’il devait se taire à ce sujet. Il a alors immédiatement averti les autorités et a subi dès les jours suivants une vague de représailles de la part de son employeur en étant mis à pied, rétrogradé puis licencié en septembre 2016.&lt;/p&gt;

&lt;p&gt;« &lt;em&gt;Dans cette affaire, le pouvoir judiciaire a l’opportunité de poser un acte de souveraineté fort&lt;/em&gt; », a ajouté Henri Thulliez. « &lt;em&gt;En relaxant M. Tounsi, en diligentant de véritables enquêtes impartiales sur ses dénonciations et en poursuivant les responsables, la justice algérienne a le moyen de montrer qu’elle lutte véritablement contre la corruption&lt;/em&gt; ».&lt;/p&gt;

&lt;p&gt;La loi algérienne punit toute personne qui commet des représailles à l’égard de dénonciateurs de corruption. L’article 45 de la loi n°06-01 du 20 février 2006 relative à la prévention et à la lutte contre la corruption incrimine les vengeances et intimidations sous toutes formes à l’égard des dénonciateurs.&lt;/p&gt;

&lt;p&gt;Le licenciement de M. Tounsi et le harcèlement judiciaire dont il fait l’objet avec ces deux procès sont susceptibles de caractériser des représailles à son égard, engageant la responsabilité pénale de ses auteurs.&lt;/p&gt;

&lt;p&gt;Les procédures judiciaires intentées contre M. Tounsi sont traitées particulièrement rapidement, les plaintes de l’EPO ayant été déposées en novembre et en décembre 2017. A l’inverse, des plaintes de M. Tounsi contre l’EPO et un juge d’instruction dans le cadre de ces même affaires ont été déposées en janvier et avril 2017, et aucune suite ne leur a été donnée à ce jour.&lt;/p&gt;

&lt;p&gt;Il est également surprenant que M. Tounsi soit jugé pour diffamation et divulgation de secret d’entreprise alors même que les enquêtes qui examinent la réalité des faits qu’il a dénoncés sont toujours en cours.&lt;/p&gt;

&lt;p&gt;PPLAAF appelle donc la justice algérienne à renvoyer les procès du 10 avril à une date postérieure aux conclusions des enquêtes ou d’un éventuel procès de l’EPO. Si les faits révélés par M. Tounsi sont confirmés par la justice, il devrait être relaxé dans ces procès en sa qualité de lanceur d’alerte et dénonciateur de corruption protégé par la loi.&lt;/p&gt;

&lt;p&gt;Un lanceur d’alerte est une personne qui révèle des informations concernant des actes illégaux, illicites ou contraires à l’intérêt général dont il a été témoin dans le contexte de sa relation de travail.&lt;/p&gt;

&lt;p&gt;&lt;a href=&quot;https://pplaaf.org/fr&quot; target=&quot;_blank&quot;&gt;PPLAAF&lt;/a&gt; est une organisation non gouvernementale créée en mars 2017 proposant un spectre entier de solutions pour pourvoir aux différents besoins des lanceurs d’alerte : encryptage d’un bout à l’autre de la communication, soutien juridique gratuit en conseils ou en représentation légale contre des employeurs ou autre, assistance continue pour protéger le lanceur d’alerte dans la divulgation de l’information au public, développement de législations protégeant les lanceurs d’alerte.&lt;/p&gt;

&lt;h3 id=&quot;pour-plus-dinformations-sur-pplaaf-veuillez-consulter-&quot;&gt;Pour plus d’informations sur PPLAAF, veuillez consulter :&lt;/h3&gt;
&lt;p&gt;&lt;a href=&quot;https://pplaaf.org&quot;&gt;https://pplaaf.org&lt;/a&gt;&lt;/p&gt;

&lt;h3 id=&quot;pour-suivre-pplaaf-suivez-ses-profils-&quot;&gt;Pour suivre PPLAAF, suivez ses profils :&lt;/h3&gt;
&lt;ul&gt;
  &lt;li&gt;Facebook: &lt;a href=&quot;https://www.facebook.com/PPLAAF/&quot;&gt;https://www.facebook.com/PPLAAF/&lt;/a&gt;&lt;/li&gt;
  &lt;li&gt;Twitter: &lt;a href=&quot;https://twitter.com/pplaaf&quot;&gt;@pplaaf&lt;/a&gt;&lt;/li&gt;
&lt;/ul&gt;

&lt;h3 id=&quot;pour-plus-dinformations-veuillez-contacter-&quot;&gt;Pour plus d’informations, veuillez contacter :&lt;/h3&gt;
&lt;ul&gt;
  &lt;li&gt;A Paris, William Bourdon (français, anglais) : &lt;a href=&quot;mailto:w.bourdon@bourdon-associes.com&quot;&gt;w.bourdon@bourdon-associes.com&lt;/a&gt; ou + 33 1 42 60 32 60&lt;/li&gt;
  &lt;li&gt;A Paris, Henri Thulliez (français, anglais) : &lt;a href=&quot;mailto:henri@pplaaf.org&quot;&gt;henri@pplaaf.org&lt;/a&gt; ou + 33 7 62 68 49 44&lt;/li&gt;
&lt;/ul&gt;

&lt;p&gt;&lt;br /&gt;
&lt;br /&gt;&lt;/p&gt;

&lt;hr /&gt;</content><author><name>PPLAAF</name></author><category term="fr" /><category term="pressrelease" /><category term="featured" /><category term="Algeria" /><summary type="html">Noureddine Tounsi est poursuivi pour avoir dénoncé des actes de corruption</summary><media:thumbnail xmlns:media="http://search.yahoo.com/mrss/" url="http://localhost:4000/pressrelease.png" /></entry><entry><title type="html">Al Jazeera&amp;amp;#58 South Africa Corruption Inc</title><link href="http://localhost:4000/2018/04/06/al-jazeera-sa-corruption-inc.html" rel="alternate" type="text/html" title="Al Jazeera&amp;#58 South Africa Corruption Inc" /><published>2018-04-06T00:00:00+02:00</published><updated>2018-04-06T00:00:00+02:00</updated><id>http://localhost:4000/2018/04/06/al-jazeera-sa-corruption-inc</id><content type="html" xml:base="http://localhost:4000/2018/04/06/al-jazeera-sa-corruption-inc.html">&lt;iframe style=&quot;margin-top: 30px;&quot; class=&quot;center-block&quot; width=&quot;560&quot; height=&quot;315&quot; src=&quot;https://players.brightcove.net/665003303001/SJg0bzqkZ_default/index.html?videoId=5758901987001&quot; frameborder=&quot;0&quot; allowfullscreen=&quot;&quot;&gt;&lt;/iframe&gt;
&lt;p&gt;View the full post and video &lt;a href=&quot;https://www.aljazeera.com/programmes/peopleandpower/2018/03/south-africa-corruption-180327070433362.html&quot; target=&quot;blank&quot;&gt;here&lt;/a&gt;&lt;/p&gt;

&lt;p&gt;&lt;br /&gt;&lt;/p&gt;

&lt;hr /&gt;

&lt;h3 id=&quot;to-follow-pplaaf-follow-its-profiles&quot;&gt;To follow PPLAAF, follow its profiles:&lt;/h3&gt;
&lt;ul&gt;
  &lt;li&gt;Facebook: &lt;a href=&quot;https://www.facebook.com/PPLAAF/&quot;&gt;https://www.facebook.com/PPLAAF/&lt;/a&gt;&lt;/li&gt;
  &lt;li&gt;Twitter: &lt;a href=&quot;https://twitter.com/pplaaf&quot;&gt;@pplaaf&lt;/a&gt;&lt;/li&gt;
&lt;/ul&gt;

&lt;h3 id=&quot;for-further-information-please-contact&quot;&gt;For further information, please contact:&lt;/h3&gt;
&lt;ul&gt;
  &lt;li&gt;&lt;a href=&quot;mailto:info@pplaaf.org&quot;&gt;info@pplaaf.org&lt;/a&gt;&lt;/li&gt;
&lt;/ul&gt;

&lt;hr /&gt;</content><author><name></name></author><category term="featured" /><category term="SouthAfrica" /><category term="video" /><summary type="html">Al Jazeera's People &amp;amp; Power Investigate a major scandal that exposes the corrupt relationship between business and politics in South Africa.</summary><media:thumbnail xmlns:media="http://search.yahoo.com/mrss/" url="http://localhost:4000/sa-corruption-inc.jpg" /></entry><entry><title type="html">Press Release&amp;amp;#58 South Africa&amp;amp;#58 Charges against State Capture whistleblower dropped</title><link href="http://localhost:4000/2018/04/04/south-africa-whistleblower-charges-dropped.html" rel="alternate" type="text/html" title="Press Release&amp;#58 South Africa&amp;#58 Charges against State Capture whistleblower dropped" /><published>2018-04-04T00:00:00+02:00</published><updated>2018-04-04T00:00:00+02:00</updated><id>http://localhost:4000/2018/04/04/south-africa-whistleblower-charges-dropped</id><content type="html" xml:base="http://localhost:4000/2018/04/04/south-africa-whistleblower-charges-dropped.html">&lt;p&gt;(Johannesburg, April, 3th, 2018) – The decision of the National Prosecuting Authority (NPA) to not pursue charges against Mosilo Mothepu shows the perils whistleblowers face and why they should be protected against reprisals, said the Platform to Protect Whistleblowers in Africa (&lt;a href=&quot;https://pplaaf.org/who-we-are.html&quot; target=&quot;_blank&quot;&gt;PPLAAF&lt;/a&gt;) today. Mosilo Mothepu is the whistleblower whose submission to the former Public Protector Thuli Madonsela formed the basis of &lt;a href=&quot;https://www.news24.com/SouthAfrica/News/download-the-full-state-of-capture-pdf-20161102&quot; target=&quot;_blank&quot;&gt;Madonsela’s report against state capture&lt;/a&gt; and which scandal ultimately led to the &lt;a href=&quot;https://pplaaf.org/2018/02/15/zuma-presidency-ends.html&quot; target=&quot;_blank&quot;&gt;resignation&lt;/a&gt; of former President Jacob Zuma. &lt;/p&gt;

&lt;p&gt;Mothepu was a former CEO and Executive Director of Trillian Financial Advisory, part of the Trillian firm, owned by the powerful Gupta family. The Guptas have been accused of growing rich of their strong relationship with President Zuma. Her disclosures, alongside that of “state capture” whistleblowers such as &lt;a href=&quot;https://pplaaf.org/2018/01/29/trillian-goodson-speaks.html&quot; target=&quot;_blank&quot;&gt;Bianca Goodson&lt;/a&gt; led to the expose of high level corruption, influence peddling, fraud and illicit enrichment. The disclosures exposed the collusion of the Guptas, associates such as Salim Essa, Duduzane Zuma and Eric Wood as well as public officials at the helm of raided state entities.&lt;/p&gt;

&lt;p&gt;&lt;em&gt;“Mothepu’s efforts must not be in vain: critical information provided by whistle-blowers like her must now be used for asset recovery, criminal convictions and political accountability”&lt;/em&gt;, said William Bourdon, Chairman of PPLAAF. &lt;em&gt;“Whistleblower protection must take into account the realities faced – the days of whistle-blowers living on borrowed time and in the dark, like canaries in the mine, must come to an end or the promise of democracy becomes the canary too.”&lt;/em&gt;&lt;/p&gt;

&lt;p&gt;Mothepu bravely testified in her person and via affidavits in Parliament’s Eskom State Capture inquiry, legal actions brought against Trillian by trade unions such as SAFTU and formed the basis of media investigations. Combined, the expose revealed evidence that parastatal entities such as Eskom and Transnet paid significantly large amount of money to the Trillian group for work that should not have been allocated to them, was fraudulently or wrongly allocated or acquired, and for work that was never done. &lt;/p&gt;

&lt;p&gt;Mothepu’s legal woes are part of the difficulties whistleblowers face along their journey: her confidential disclosure to former Public Protector Madonsela was leaked to a South African media by an unknown party. On publishing a story without confirming that Mothepu was not the source of the leak, Trillian, led by Wood, seized the opportunity to lay malicious and defamatory criminal charges against Mothepu. She would subsequently become known as the “Nenegate” whistleblower for substance of her disclosures including the deliberate removal of former Finance Minister Nhlanhla Nene as well as Pravin Gordhan. &lt;/p&gt;

&lt;p&gt;Trillian maintained that Mothepu was not a whistleblower and accused her of having stolen sensitive and confidential information and of having contravened the Electronic and Transaction Act. Trillian also considered her to be guilty of corruption for having received money in exchange for some of the information.&lt;/p&gt;

&lt;p&gt;After almost two years of emotionally and financially bearing the brunt of selective and deliberate prosecution attempts by the NPA and the Hawks — an act that appeared to better serve Trillian than the South African public interest, the case was formally dropped in April 2018. The case effectively prevented Mothepu from obtaining employment as interview after interview resulted in her being labeled as a “political risk”. &lt;/p&gt;

&lt;p&gt;Official paperwork shows that the decision not to prosecute Mothepu was taken six months ago, but Mothepu &lt;a href=&quot;https://www.dailymaverick.co.za/article/2018-04-03-scorpio-no-winnable-criminal-case-against-trillian-whistle-blower/#.WsdEMIhuZPY&quot; target=&quot;_blank&quot;&gt;had never been informed&lt;/a&gt; of the decision.&lt;/p&gt;

&lt;p&gt;In parliament, Mothepu testified on her struggle as a whistleblower: &lt;em&gt;“It comes at a great personal cost… I will not romanticise. I am sure there are many public servants who said ‘no’ and who now find themselves on suspension or on the sidelines. But it must be done to stop the cancer from infecting the whole body.”&lt;/em&gt;&lt;/p&gt;

&lt;h3 id=&quot;if-you-would-like-to-contribute-to-pplaaf-as-a-donor-or-philanthropist-please-email&quot;&gt;If you would like to contribute to PPLAAF as a donor or philanthropist, please email:&lt;/h3&gt;
&lt;p&gt;&lt;a href=&quot;mailto:info@pplaaf.org&quot;&gt;info@pplaaf.org&lt;/a&gt;&lt;/p&gt;

&lt;h3 id=&quot;for-more-information-on-pplaaf-please-visit&quot;&gt;For more information on PPLAAF, please visit:&lt;/h3&gt;
&lt;p&gt;&lt;a href=&quot;https://pplaaf.org&quot;&gt;https://pplaaf.org&lt;/a&gt;&lt;/p&gt;

&lt;h3 id=&quot;to-follow-pplaaf-follow-its-profiles&quot;&gt;To follow PPLAAF, follow its profiles:&lt;/h3&gt;
&lt;ul&gt;
  &lt;li&gt;Facebook: &lt;a href=&quot;https://www.facebook.com/PPLAAF/&quot;&gt;https://www.facebook.com/PPLAAF/&lt;/a&gt;&lt;/li&gt;
  &lt;li&gt;Twitter: &lt;a href=&quot;https://twitter.com/pplaaf&quot;&gt;@pplaaf&lt;/a&gt;&lt;/li&gt;
&lt;/ul&gt;

&lt;h3 id=&quot;for-further-information-please-contact&quot;&gt;For further information, please contact:&lt;/h3&gt;
&lt;ul&gt;
  &lt;li&gt;In Paris, William Bourdon (French, English): &lt;a href=&quot;mailto:w.bourdon@bourdon-associes.com&quot;&gt;w.bourdon@bourdon-associes.com&lt;/a&gt; or + 33 1 42 60 32 60&lt;/li&gt;
  &lt;li&gt;In Paris, Henri Thulliez (French, English): &lt;a href=&quot;mailto:henri@pplaaf.org&quot;&gt;henri@pplaaf.org&lt;/a&gt; or + 33 7 62 68 49 44&lt;/li&gt;
  &lt;li&gt;In Durban, Khadija Sharife (English): &lt;a href=&quot;mailto:ksharife@gmail.com&quot;&gt;ksharife@gmail.com&lt;/a&gt; or + 27 (71) 688 62 76&lt;/li&gt;
&lt;/ul&gt;

&lt;p&gt;&lt;br /&gt;
&lt;br /&gt;&lt;/p&gt;

&lt;hr /&gt;</content><author><name>PPLAAF</name></author><category term="pressrelease" /><category term="featured" /><category term="South Africa" /><summary type="html">Mosilo Mothepu was prosecuted after her former employer accused her of having stolen confidential documents</summary><media:thumbnail xmlns:media="http://search.yahoo.com/mrss/" url="http://localhost:4000/pressrelease.png" /></entry><entry><title type="html">Press Release&amp;amp;#58 RDC/Dubaï&amp;amp;#58 Le projet de construction d’un nouveau port entaché par des accusations de corruption</title><link href="http://localhost:4000/fr/2018/03/02/drc-dubai-port-corruption.html" rel="alternate" type="text/html" title="Press Release&amp;#58 RDC/Dubaï&amp;#58 Le projet de construction d’un nouveau port entaché par des accusations de corruption" /><published>2018-03-02T00:00:00+02:00</published><updated>2018-03-02T00:00:00+02:00</updated><id>http://localhost:4000/fr/2018/03/02/drc-dubai-port-corruption</id><content type="html" xml:base="http://localhost:4000/fr/2018/03/02/drc-dubai-port-corruption.html">&lt;p&gt;(Paris, le 2 mars 2018) – Alors que la République démocratique du Congo (RDC) traverse une grave crise politique et humanitaire, son gouvernement est sur le point de conclure un contrat de plusieurs centaines de millions de dollars entaché d’allégations de corruption avec Dubaï Port World (DPW), a déclaré la Plateforme de Protection des Lanceurs d’Alerte en Afrique (&lt;a href=&quot;https://pplaaf.org/&quot; target=&quot;_blank&quot;&gt;PPLAAF&lt;/a&gt;).&lt;/p&gt;

&lt;p&gt;Approchée par plusieurs lanceurs d’alerte ayant suivi les négociations entre la RDC et DPW, PPLAAF &lt;a href=&quot;http://bananaportpapers.info/&quot; target=&quot;_blank&quot;&gt;met en ligne des documents&lt;/a&gt; échangés entre les négociateurs, notamment des avant contrats, ainsi qu’une description de la structure que les parties comptent créer.&lt;/p&gt;

&lt;p&gt;Visant à construire un port en eau profonde à Banana, le seul accès à l’Océan Atlantique de la RDC, le contrat prévoit également la création d’un groupe de sociétés susceptible de faciliter l’enrichissement personnel de certains dignitaires du régime congolais. L’ensemble des négociations serait également entaché de faits de corruption autour d’un projet qui doit s’élever à plus d’un milliard de dollars.&lt;/p&gt;

&lt;p&gt;Selon le &lt;a href=&quot;http://bananaportpapers.info/annexures/fr/annexe12-compte-rendu-du-conseil-des-ministres-du-21fev2018.pdf&quot; target=&quot;_blank&quot;&gt;compte-rendu&lt;/a&gt; du conseil des ministres du 24 février 2018, il a été décidé que le projet soit visualisé préalablement à toute décision finale, lors du prochain conseil des ministres. C’est en raison de l’imminence de la signature du contrat que PPLAAF a décidé de publier ces documents aujourd’hui.&lt;/p&gt;

&lt;p&gt;« &lt;em&gt;Une fois encore des lanceurs d’alerte indignés par la perspective d’enrichissements personnels ont décidé de révéler les dessous des négociations entre la RDC et une multinationale pour que cessent ces malversations&lt;/em&gt; », a déclaré  &lt;a href=&quot;https://pplaaf.org/who-we-are.html&quot; target=&quot;blank&quot;&gt;William Bourdon&lt;/a&gt;, président de PPLAAF. « &lt;em&gt;Il est évident qu’un port en eau profonde sur la façade Atlantique pourrait bénéficier à la RDC, mais certainement pas s’il est pensé à des fins de détournements plutôt que pour l’intérêt général&lt;/em&gt; ».&lt;/p&gt;

&lt;p&gt;Un lanceur d’alerte est une personne qui révèle des informations concernant des actes illégaux, illicites ou contraires à l’intérêt général dont il a été témoin dans le contexte de sa relation de travail. En diffusant l’information publiquement par l’intermédiaire de PPLAAF, les lanceurs d’alerte à la source de ces révélations espèrent empêcher les détournements prévus lors des négociations portant sur ce projet.&lt;/p&gt;

&lt;p&gt;Une joint-venture de droit congolais doit être constituée entre DPW et la RDC pour la construction et la gestion du port. La partie congolaise ne sera pas représentée par une des administrations publiques existantes et légitimes, mais par une société inconnue dont près de la moitié pourra appartenir à une personne privée.&lt;/p&gt;

&lt;p&gt;De la même manière, la gestion du port sera assurée par une société créée pour l’occasion et qui appartiendra à 60% à DPW et à 40% à un « Privé RDC ». Selon les lanceurs d’alerte, ce « Privé RDC » n’est autre que le président Joseph Kabila ou une personne de son entourage proche. D’après les estimations de DPW, un tel montage permettrait au « Privé RDC » de gagner plus de 45,3 millions de dollars en sept ans. Comme le sous-entend une &lt;a href=&quot;http://bananaportpapers.info/annexures/fr/annexe2-lettre-du-04.10.16-envoyee-par-le-sultan-au-president-kabila.pdf&quot; target=&quot;_blank&quot;&gt;lettre&lt;/a&gt; envoyée par le PDG de DPW, le Sultan Ahmed Bin Sulayem, au président Joseph Kabila, il s’agissait-là d’une garantie à mettre en place par DPW avant que la RDC n’accepte d’entrer en négociation.&lt;/p&gt;

&lt;p&gt;Aucune des parties aux négociations n’a été contactée par PPLAAF pour répondre à ces allégations, et ce afin d’éviter que des actes de représailles soient pris à l’encontre des lanceurs d’alerte ou de leurs proches. PPLAAF se tient prêt toutefois à publier les réponses que les parties lui enverront à la suite de la présente révélation.&lt;/p&gt;

&lt;p&gt;La RDC traverse actuellement une grave crise. L’accord politique conclu fin 2016 prévoyant la tenue d’élections présidentielle avant la fin 2017 et l’atténuation des tensions politiques n’a pas été respecté. Le président Joseph Kabila se maintient au pouvoir par la violence et la répression tout en ignorant ces engagements. Depuis le 31 décembre 2017, des manifestations pacifiques visant à faire respecter l’accord politique ont été durement réprimées par les forces de l’ordre. Selon &lt;a href=&quot;https://www.hrw.org/fr/news/2018/01/20/rd-congo-les-forces-de-securite-ont-tire-sur-des-fideles-catholiques&quot; target=&quot;_blank&quot;&gt;Human Rights Watch&lt;/a&gt;, plusieurs personnes ont été tuées et des centaines blessées.&lt;/p&gt;

&lt;p&gt;«&lt;em&gt;Alors que la répression en RDC s’intensifie et que des violations des droits de l’Homme sont commises quotidiennement, des multinationales et des hommes d’affaires étrangers s’accommodent de la situation pour continuer à s’enrichir&lt;/em&gt;», a déclaré &lt;a href=&quot;https://twitter.com/HenriThulliez&quot; target=&quot;blank&quot;&gt;Henri Thulliez&lt;/a&gt;, membre du Conseil d’administration de PPLAAF. « &lt;em&gt;La stratégie du chaos que serait en train de mettre en place un président qui s’accroche au pouvoir, ne semble pas refroidir les ardeurs lucratives de certaines sociétés&lt;/em&gt; ».&lt;/p&gt;

&lt;p&gt;Le régime congolais est régulièrement mis en cause par des médias et des organisations non gouvernementales pour de sérieux faits de corruption et pour la mainmise de l’entourage de Kabila sur l’économie congolaise. En juillet dernier, PPLAAF avait notamment &lt;a href=&quot;http://lumumbapapers.info/&quot; target=&quot;_blank&quot;&gt;montré&lt;/a&gt; comment 42 millions de dollars de la Banque centrale congolaise avaient été détournés par la société privée EGAL pour notamment permettre l’achat d’animaux sauvages au bénéfice de la Ferme Espoir, une société appartenant à Joseph Kabila.&lt;/p&gt;

&lt;p&gt;Le 21 décembre 2017, les Etats-Unis ont ainsi adopté des &lt;a href=&quot;https://home.treasury.gov/news/press-releases/sm0243&quot; target=&quot;_blank&quot;&gt;sanctions&lt;/a&gt; contre plusieurs acteurs économiques accusés de corruption, dont Dan Gertler, un milliardaire israélien ayant amassé des centaines de millions de dollars grâce à des marchés opaques portant sur les mines et les hydrocarbures en RDC. D’autres personnes soupçonnées de corruption sont susceptibles d’être sanctionnées ces prochaines semaines.&lt;/p&gt;

&lt;p&gt;&lt;a href=&quot;https://pplaaf.org&quot; target=&quot;_blank&quot;&gt;PPLAAF&lt;/a&gt; est une organisation non gouvernementale sénégalaise créée en mars 2017 proposant un spectre entier de solutions pour pourvoir aux différents besoins des lanceurs d’alerte : encryptage d’un bout à l’autre de la communication, soutien juridique gratuit en conseils ou en représentation légale contre des employeurs ou autre, assistance continue pour protéger le lanceur d’alerte dans la divulgation de l’information au public, développement de législations protégeant les lanceurs d’alerte.&lt;/p&gt;

&lt;h3 id=&quot;pour-accéder-aux-documents-mis-en-ligne-par-pplaaf-veuillez-consultez-&quot;&gt;Pour accéder aux documents mis en ligne par PPLAAF, veuillez consultez :&lt;/h3&gt;
&lt;ul&gt;
  &lt;li&gt;&lt;a href=&quot;http://bananaportpapers.info/&quot; target=&quot;_blank&quot;&gt;http://bananaportpapers.info/&lt;/a&gt; (Français)&lt;/li&gt;
  &lt;li&gt;&lt;a href=&quot;http://bananaportpapers.info/en.html&quot; target=&quot;_blank&quot;&gt;http://bananaportpapers.info/en.html&lt;/a&gt; (Anglais)&lt;/li&gt;
&lt;/ul&gt;

&lt;h3 id=&quot;pour-plus-dinformations-sur-pplaaf-veuillez-consulter-&quot;&gt;Pour plus d’informations sur PPLAAF, veuillez consulter :&lt;/h3&gt;
&lt;p&gt;&lt;a href=&quot;https://pplaaf.org&quot;&gt;https://pplaaf.org&lt;/a&gt;&lt;/p&gt;

&lt;h3 id=&quot;pour-suivre-pplaaf-suivez-ses-profils-&quot;&gt;Pour suivre PPLAAF, suivez ses profils :&lt;/h3&gt;
&lt;ul&gt;
  &lt;li&gt;Facebook: &lt;a href=&quot;https://www.facebook.com/PPLAAF/&quot;&gt;https://www.facebook.com/PPLAAF/&lt;/a&gt;&lt;/li&gt;
  &lt;li&gt;Twitter: &lt;a href=&quot;https://twitter.com/pplaaf&quot;&gt;@pplaaf&lt;/a&gt;&lt;/li&gt;
&lt;/ul&gt;

&lt;h3 id=&quot;pour-plus-dinformations-veuillez-contacter-&quot;&gt;Pour plus d’informations, veuillez contacter :&lt;/h3&gt;
&lt;ul&gt;
  &lt;li&gt;A Paris, William Bourdon (français, anglais) : &lt;a href=&quot;mailto:w.bourdon@bourdon-associes.com&quot;&gt;w.bourdon@bourdon-associes.com&lt;/a&gt; ou + 33 1 42 60 32 60&lt;/li&gt;
  &lt;li&gt;A Paris, Henri Thulliez (français, anglais) : &lt;a href=&quot;mailto:henri@pplaaf.org&quot;&gt;henri@pplaaf.org&lt;/a&gt; ou + 33 7 62 68 49 44&lt;/li&gt;
  &lt;li&gt;A Durban, Khadija Sharife (anglais) : &lt;a href=&quot;mailto:ksharife@gmail.com&quot;&gt;ksharife@gmail.com&lt;/a&gt;&lt;/li&gt;
&lt;/ul&gt;

&lt;p&gt;&lt;br /&gt;
&lt;br /&gt;&lt;/p&gt;

&lt;hr /&gt;</content><author><name>PPLAAF</name></author><category term="fr" /><category term="pressrelease" /><category term="featured" /><category term="DRC" /><summary type="html">PPLAAF révèle grâce à des lanceurs d’alerte les dessous des négociations entre le gouvernement de la RDC et Dubai Port World</summary><media:thumbnail xmlns:media="http://search.yahoo.com/mrss/" url="http://localhost:4000/pressrelease.png" /></entry><entry><title type="html">Press Release&amp;amp;#58 RDC/Dubaï&amp;amp;#58 Le projet de construction d’un nouveau port entaché par des accusations de corruption</title><link href="http://localhost:4000/2018/03/02/drc-dubai-port-corruption.html" rel="alternate" type="text/html" title="Press Release&amp;#58 RDC/Dubaï&amp;#58 Le projet de construction d’un nouveau port entaché par des accusations de corruption" /><published>2018-03-02T00:00:00+02:00</published><updated>2018-03-02T00:00:00+02:00</updated><id>http://localhost:4000/2018/03/02/drc-dubai-port-corruption</id><content type="html" xml:base="http://localhost:4000/2018/03/02/drc-dubai-port-corruption.html">&lt;p&gt;(Paris, le 2 mars 2018) – Alors que la République démocratique du Congo (RDC) traverse une grave crise politique et humanitaire, son gouvernement est sur le point de conclure un contrat de plusieurs centaines de millions de dollars entaché d’allégations de corruption avec Dubaï Port World (DPW), a déclaré la Plateforme de Protection des Lanceurs d’Alerte en Afrique (&lt;a href=&quot;https://pplaaf.org/&quot; target=&quot;_blank&quot;&gt;PPLAAF&lt;/a&gt;).&lt;/p&gt;

&lt;p&gt;Approchée par plusieurs lanceurs d’alerte ayant suivi les négociations entre la RDC et DPW, PPLAAF &lt;a href=&quot;http://bananaportpapers.info/&quot; target=&quot;_blank&quot;&gt;met en ligne des documents&lt;/a&gt; échangés entre les négociateurs, notamment des avant contrats, ainsi qu’une description de la structure que les parties comptent créer.&lt;/p&gt;

&lt;p&gt;Visant à construire un port en eau profonde à Banana, le seul accès à l’Océan Atlantique de la RDC, le contrat prévoit également la création d’un groupe de sociétés susceptible de faciliter l’enrichissement personnel de certains dignitaires du régime congolais. L’ensemble des négociations serait également entaché de faits de corruption autour d’un projet qui doit s’élever à plus d’un milliard de dollars.&lt;/p&gt;

&lt;p&gt;Selon le &lt;a href=&quot;http://bananaportpapers.info/annexures/fr/annexe12-compte-rendu-du-conseil-des-ministres-du-21fev2018.pdf&quot; target=&quot;_blank&quot;&gt;compte-rendu&lt;/a&gt; du conseil des ministres du 24 février 2018, il a été décidé que le projet soit visualisé préalablement à toute décision finale, lors du prochain conseil des ministres. C’est en raison de l’imminence de la signature du contrat que PPLAAF a décidé de publier ces documents aujourd’hui.&lt;/p&gt;

&lt;p&gt;« &lt;em&gt;Une fois encore des lanceurs d’alerte indignés par la perspective d’enrichissements personnels ont décidé de révéler les dessous des négociations entre la RDC et une multinationale pour que cessent ces malversations&lt;/em&gt; », a déclaré  &lt;a href=&quot;https://pplaaf.org/who-we-are.html&quot; target=&quot;blank&quot;&gt;William Bourdon&lt;/a&gt;, président de PPLAAF. « &lt;em&gt;Il est évident qu’un port en eau profonde sur la façade Atlantique pourrait bénéficier à la RDC, mais certainement pas s’il est pensé à des fins de détournements plutôt que pour l’intérêt général&lt;/em&gt; ».&lt;/p&gt;

&lt;p&gt;Un lanceur d’alerte est une personne qui révèle des informations concernant des actes illégaux, illicites ou contraires à l’intérêt général dont il a été témoin dans le contexte de sa relation de travail. En diffusant l’information publiquement par l’intermédiaire de PPLAAF, les lanceurs d’alerte à la source de ces révélations espèrent empêcher les détournements prévus lors des négociations portant sur ce projet.&lt;/p&gt;

&lt;p&gt;Une joint-venture de droit congolais doit être constituée entre DPW et la RDC pour la construction et la gestion du port. La partie congolaise ne sera pas représentée par une des administrations publiques existantes et légitimes, mais par une société inconnue dont près de la moitié pourra appartenir à une personne privée.&lt;/p&gt;

&lt;p&gt;De la même manière, la gestion du port sera assurée par une société créée pour l’occasion et qui appartiendra à 60% à DPW et à 40% à un « Privé RDC ». Selon les lanceurs d’alerte, ce « Privé RDC » n’est autre que le président Joseph Kabila ou une personne de son entourage proche. D’après les estimations de DPW, un tel montage permettrait au « Privé RDC » de gagner plus de 45,3 millions de dollars en sept ans. Comme le sous-entend une &lt;a href=&quot;http://bananaportpapers.info/annexures/fr/annexe2-lettre-du-04.10.16-envoyee-par-le-sultan-au-president-kabila.pdf&quot; target=&quot;_blank&quot;&gt;lettre&lt;/a&gt; envoyée par le PDG de DPW, le Sultan Ahmed Bin Sulayem, au président Joseph Kabila, il s’agissait-là d’une garantie à mettre en place par DPW avant que la RDC n’accepte d’entrer en négociation.&lt;/p&gt;

&lt;p&gt;Aucune des parties aux négociations n’a été contactée par PPLAAF pour répondre à ces allégations, et ce afin d’éviter que des actes de représailles soient pris à l’encontre des lanceurs d’alerte ou de leurs proches. PPLAAF se tient prêt toutefois à publier les réponses que les parties lui enverront à la suite de la présente révélation.&lt;/p&gt;

&lt;p&gt;La RDC traverse actuellement une grave crise. L’accord politique conclu fin 2016 prévoyant la tenue d’élections présidentielle avant la fin 2017 et l’atténuation des tensions politiques n’a pas été respecté. Le président Joseph Kabila se maintient au pouvoir par la violence et la répression tout en ignorant ces engagements. Depuis le 31 décembre 2017, des manifestations pacifiques visant à faire respecter l’accord politique ont été durement réprimées par les forces de l’ordre. Selon &lt;a href=&quot;https://www.hrw.org/fr/news/2018/01/20/rd-congo-les-forces-de-securite-ont-tire-sur-des-fideles-catholiques&quot; target=&quot;_blank&quot;&gt;Human Rights Watch&lt;/a&gt;, plusieurs personnes ont été tuées et des centaines blessées.&lt;/p&gt;

&lt;p&gt;«&lt;em&gt;Alors que la répression en RDC s’intensifie et que des violations des droits de l’Homme sont commises quotidiennement, des multinationales et des hommes d’affaires étrangers s’accommodent de la situation pour continuer à s’enrichir&lt;/em&gt;», a déclaré &lt;a href=&quot;https://twitter.com/HenriThulliez&quot; target=&quot;blank&quot;&gt;Henri Thulliez&lt;/a&gt;, membre du Conseil d’administration de PPLAAF. « &lt;em&gt;La stratégie du chaos que serait en train de mettre en place un président qui s’accroche au pouvoir, ne semble pas refroidir les ardeurs lucratives de certaines sociétés&lt;/em&gt; ».&lt;/p&gt;

&lt;p&gt;Le régime congolais est régulièrement mis en cause par des médias et des organisations non gouvernementales pour de sérieux faits de corruption et pour la mainmise de l’entourage de Kabila sur l’économie congolaise. En juillet dernier, PPLAAF avait notamment &lt;a href=&quot;http://lumumbapapers.info/&quot; target=&quot;_blank&quot;&gt;montré&lt;/a&gt; comment 42 millions de dollars de la Banque centrale congolaise avaient été détournés par la société privée EGAL pour notamment permettre l’achat d’animaux sauvages au bénéfice de la Ferme Espoir, une société appartenant à Joseph Kabila.&lt;/p&gt;

&lt;p&gt;Le 21 décembre 2017, les Etats-Unis ont ainsi adopté des &lt;a href=&quot;https://home.treasury.gov/news/press-releases/sm0243&quot; target=&quot;_blank&quot;&gt;sanctions&lt;/a&gt; contre plusieurs acteurs économiques accusés de corruption, dont Dan Gertler, un milliardaire israélien ayant amassé des centaines de millions de dollars grâce à des marchés opaques portant sur les mines et les hydrocarbures en RDC. D’autres personnes soupçonnées de corruption sont susceptibles d’être sanctionnées ces prochaines semaines.&lt;/p&gt;

&lt;p&gt;&lt;a href=&quot;https://pplaaf.org&quot; target=&quot;_blank&quot;&gt;PPLAAF&lt;/a&gt; est une organisation non gouvernementale sénégalaise créée en mars 2017 proposant un spectre entier de solutions pour pourvoir aux différents besoins des lanceurs d’alerte : encryptage d’un bout à l’autre de la communication, soutien juridique gratuit en conseils ou en représentation légale contre des employeurs ou autre, assistance continue pour protéger le lanceur d’alerte dans la divulgation de l’information au public, développement de législations protégeant les lanceurs d’alerte.&lt;/p&gt;

&lt;h3 id=&quot;pour-accéder-aux-documents-mis-en-ligne-par-pplaaf-veuillez-consultez-&quot;&gt;Pour accéder aux documents mis en ligne par PPLAAF, veuillez consultez :&lt;/h3&gt;
&lt;ul&gt;
  &lt;li&gt;&lt;a href=&quot;http://bananaportpapers.info/&quot; target=&quot;_blank&quot;&gt;http://bananaportpapers.info/&lt;/a&gt; (Français)&lt;/li&gt;
  &lt;li&gt;&lt;a href=&quot;http://bananaportpapers.info/en.html&quot; target=&quot;_blank&quot;&gt;http://bananaportpapers.info/en.html&lt;/a&gt; (Anglais)&lt;/li&gt;
&lt;/ul&gt;

&lt;h3 id=&quot;pour-plus-dinformations-sur-pplaaf-veuillez-consulter-&quot;&gt;Pour plus d’informations sur PPLAAF, veuillez consulter :&lt;/h3&gt;
&lt;p&gt;&lt;a href=&quot;https://pplaaf.org&quot;&gt;https://pplaaf.org&lt;/a&gt;&lt;/p&gt;

&lt;h3 id=&quot;pour-suivre-pplaaf-suivez-ses-profils-&quot;&gt;Pour suivre PPLAAF, suivez ses profils :&lt;/h3&gt;
&lt;ul&gt;
  &lt;li&gt;Facebook: &lt;a href=&quot;https://www.facebook.com/PPLAAF/&quot;&gt;https://www.facebook.com/PPLAAF/&lt;/a&gt;&lt;/li&gt;
  &lt;li&gt;Twitter: &lt;a href=&quot;https://twitter.com/pplaaf&quot;&gt;@pplaaf&lt;/a&gt;&lt;/li&gt;
&lt;/ul&gt;

&lt;h3 id=&quot;pour-plus-dinformations-veuillez-contacter-&quot;&gt;Pour plus d’informations, veuillez contacter :&lt;/h3&gt;
&lt;ul&gt;
  &lt;li&gt;A Paris, William Bourdon (français, anglais) : &lt;a href=&quot;mailto:w.bourdon@bourdon-associes.com&quot;&gt;w.bourdon@bourdon-associes.com&lt;/a&gt; ou + 33 1 42 60 32 60&lt;/li&gt;
  &lt;li&gt;A Paris, Henri Thulliez (français, anglais) : &lt;a href=&quot;mailto:henri@pplaaf.org&quot;&gt;henri@pplaaf.org&lt;/a&gt; ou + 33 7 62 68 49 44&lt;/li&gt;
  &lt;li&gt;A Durban, Khadija Sharife (anglais) : &lt;a href=&quot;mailto:ksharife@gmail.com&quot;&gt;ksharife@gmail.com&lt;/a&gt;&lt;/li&gt;
&lt;/ul&gt;

&lt;p&gt;&lt;br /&gt;
&lt;br /&gt;&lt;/p&gt;

&lt;hr /&gt;</content><author><name>PPLAAF</name></author><category term="pressrelease" /><category term="featured" /><category term="DRC" /><summary type="html">PPLAAF révèle grâce à des lanceurs d’alerte les dessous des négociations entre le gouvernement de la RDC et Dubai Port World</summary><media:thumbnail xmlns:media="http://search.yahoo.com/mrss/" url="http://localhost:4000/pressrelease.png" /></entry><entry><title type="html">Press Release&amp;amp;#58 DRC/Dubai&amp;amp;#58 New port project tainted by corruption charges</title><link href="http://localhost:4000/2018/03/02/drc-dubai-port-corruption-en.html" rel="alternate" type="text/html" title="Press Release&amp;#58 DRC/Dubai&amp;#58 New port project tainted by corruption charges" /><published>2018-03-02T00:00:00+02:00</published><updated>2018-03-02T00:00:00+02:00</updated><id>http://localhost:4000/2018/03/02/drc-dubai-port-corruption-en</id><content type="html" xml:base="http://localhost:4000/2018/03/02/drc-dubai-port-corruption-en.html">&lt;p&gt;Paris, March 2nd, 2018) - As the Democratic Republic of Congo (DRC) goes through a severe political and humanitarian crisis, its government is on the verge of concluding a multi-million-dollar deal, tainted with allegations of corruption, with Dubai Port World (DPW), said today the Platform to Protect Whistleblowers in Africa (&lt;a href=&quot;https://pplaaf.org/&quot; target=&quot;_blank&quot;&gt;PPLAAF&lt;/a&gt;).&lt;/p&gt;

&lt;p&gt;Approached by several whistleblowers following the negotiations between the DRC and DPW, PPLAAF is &lt;a href=&quot;http://bananaportpapers.info/&quot; target=&quot;_blank&quot;&gt;uploading documents exchanged between the negotiators&lt;/a&gt;, including memorandums of understanding, as well as a description of the corporate structure that the parties intend to create.&lt;/p&gt;

&lt;p&gt;The contract to be signed will lead not only to the construction and operation of a port in Banana, the only part of the Congolese territory with access to the Atlantic Ocean, but also to the creation of a corporate structure that will possibly allow the personal enrichment of dignitaries of the Congolese regime. The negotiations, on a project exceeding one billion US dollars, would be tainted with corruption.&lt;/p&gt;

&lt;p&gt;According to the &lt;a href=&quot;http://bananaportpapers.info/annexures/fr/annexe12-compte-rendu-du-conseil-des-ministres-du-21fev2018.pdf&quot; target=&quot;_blank&quot;&gt;minutes&lt;/a&gt; of DRC’s council of ministers held on February 24th, 2018, it was decided that the project is to be presented again at the next council meeting before a final decision is made. Given the imminent signing of the contract, PPLAAF has decided to publish these documents today.&lt;/p&gt;

&lt;p&gt;“&lt;em&gt;Once again, outraged by these malpractices and the perspective of personal enrichment, whistleblowers have decided to reveal the inside stories of negotiations between the DRC and a multinational,&lt;/em&gt;” said&lt;a href=&quot;https://pplaaf.org/who-we-are.html&quot; target=&quot;blank&quot;&gt; William Bourdon&lt;/a&gt;, president of PPLAAF. “&lt;em&gt;It is obvious that a deep-water port on the Atlantic seaboard could benefit the DRC, but certainly not if it is designed for misappropriation rather than for the general interest&lt;/em&gt;”.&lt;/p&gt;

&lt;p&gt;A whistleblower is a person who discloses information regarding actions that are unlawful, illicit or against public interest, that he/she has witnessed in the context of his/her employment. By publicly disclosing information through PPLAAF, the whistleblowers at the source of these revelations hope to prevent the misappropriations planned during the negotiations on the project.&lt;/p&gt;

&lt;p&gt;A Congolese joint-venture will be created by the DRC and DPW to build the port of Banana. The DRC part will not be one of the existing Congolese public authorities, but a new state company of which nearly half may belong to a private person.&lt;/p&gt;

&lt;p&gt;The management of the port will be ensured by a new company, of which 60% will belong to DPW and 40% to “Private DRC”. According to the whistleblowers, this “Private DRC” will be owned by no other than President Joseph Kabila or a person close to him. According to DPW estimates, this arrangement would allow “Private DRC” to earn more than $ 45.3 million in seven years. As implied by a &lt;a href=&quot;http://bananaportpapers.info/annexures/fr/annexe2-lettre-du-04.10.16-envoyee-par-le-sultan-au-president-kabila.pdf&quot; target=&quot;_blank&quot;&gt;letter&lt;/a&gt; sent by DPW’s CEO Sultan Ahmed Bin Sulayem to President Joseph Kabila, this guarantee was to be put in place by DPW before the DRC agreed to enter negotiation.&lt;/p&gt;

&lt;p&gt;PPLAAF has not contacted the parties to the negotiations for a response on these allegations, in order to prevent acts of retaliation against the whistleblowers or their relatives. PPLAAF stands ready, however, to publish the responses that the parties will send to PPLAAF following this disclosure.&lt;/p&gt;

&lt;p&gt;The DRC is currently in a severe crisis. The political agreement concluded at the end of 2016 for the holding of presidential elections before the end of 2017 and the easing of political tensions has not been respected. President Joseph Kabila has remained in power through violence and repression while ignoring these commitments. Since December 31st, 2017, peaceful demonstrations to enforce the political agreement have been severely repressed by the police. According to &lt;a href=&quot;https://www.hrw.org/fr/news/2018/01/20/rd-congo-les-forces-de-securite-ont-tire-sur-des-fideles-catholiques&quot; target=&quot;_blank&quot;&gt;Human Rights Watch&lt;/a&gt;, several people were killed, and hundreds wounded.&lt;/p&gt;

&lt;p&gt;“&lt;em&gt;As repression in the DRC intensifies and human rights violations are committed daily, multinationals and foreign businessmen are accommodating to the situation and continue to enrich themselves,&lt;/em&gt;” said &lt;a href=&quot;https://twitter.com/HenriThulliez&quot; target=&quot;blank&quot;&gt;Henri Thulliez&lt;/a&gt;, Member of PPLAAF’s Board of Directors. “&lt;em&gt;The chaos strategy that is being put in place by a president who is clinging to power does not seem to cool down the lucrative appetite of certain companies.&lt;/em&gt;”&lt;/p&gt;

&lt;p&gt;The Congolese regime is regularly &lt;a href=&quot;https://www.hrw.org/news/2017/10/10/dr-congo-us-eu-should-expand-targeted-sanctions&quot; target=&quot;_blank&quot;&gt;questioned&lt;/a&gt; by the media and by non-governmental organizations for acts of severe corruption and for the Kabila’s entourage’s control on the Congolese economy. Last July, PPLAAF &lt;a href=&quot;http://lumumbapapers.info/&quot; target=&quot;blank&quot;&gt;showed how $42 million have been diverted&lt;/a&gt; from the Congolese Central Bank by the private company EGAL to allow the purchase of wildlife animals for the benefit of Ferme Espoir, a company owned by President Kabila.&lt;/p&gt;

&lt;p&gt;By December 21st, 2017, the United States adopted &lt;a href=&quot;https://home.treasury.gov/news/press-releases/sm0243&quot; target=&quot;_blank&quot;&gt;sanctions&lt;/a&gt; against several economic actors in the DRC who were accused of corruption, including Dan Gertler, an Israeli billionaire who accumulated hundreds of millions of dollars through shady markets in the energy and mining sectors. Other individuals suspected of corruption are likely to be sanctioned in the coming weeks.&lt;/p&gt;

&lt;p&gt;&lt;a href=&quot;https://pplaaf.org&quot; target=&quot;_blank&quot;&gt;PPLAAF&lt;/a&gt; is a Senegalese non-governmental organization created in March 2017 with hubs around Africa. It provides support to assist whistleblowers including encrypted communication, free legal advice or representation against employers, continued assistance to protect the whistleblower in the disclosure of information to the public, the development of legislation to protect whistleblowers and legal cases based on whistleblower information.&lt;/p&gt;

&lt;h3 id=&quot;to-access-the-documents-posted-by-pplaaf-please-consult&quot;&gt;To access the documents posted by PPLAAF, please consult:&lt;/h3&gt;
&lt;ul&gt;
  &lt;li&gt;&lt;a href=&quot;http://bananaportpapers.info&quot; target=&quot;_blank&quot;&gt;http://bananaportpapers.info/&lt;/a&gt; (French)&lt;/li&gt;
  &lt;li&gt;&lt;a href=&quot;http://bananaportpapers.info/en.html&quot; target=&quot;_blank&quot;&gt;http://bananaportpapers.info/en.html&lt;/a&gt; (English)&lt;/li&gt;
&lt;/ul&gt;

&lt;h3 id=&quot;if-you-would-like-to-contribute-to-pplaaf-as-a-donor-or-philanthropist-please-email&quot;&gt;If you would like to contribute to PPLAAF as a donor or philanthropist, please email:&lt;/h3&gt;
&lt;p&gt;&lt;a href=&quot;mailto:info@pplaaf.org&quot;&gt;info@pplaaf.org&lt;/a&gt;&lt;/p&gt;

&lt;h3 id=&quot;for-more-information-on-pplaaf-please-visit&quot;&gt;For more information on PPLAAF, please visit:&lt;/h3&gt;
&lt;p&gt;&lt;a href=&quot;https://pplaaf.org&quot;&gt;https://pplaaf.org&lt;/a&gt;&lt;/p&gt;

&lt;h3 id=&quot;to-follow-pplaaf-follow-its-profiles&quot;&gt;To follow PPLAAF, follow its profiles:&lt;/h3&gt;
&lt;ul&gt;
  &lt;li&gt;Facebook: &lt;a href=&quot;https://www.facebook.com/PPLAAF/&quot;&gt;https://www.facebook.com/PPLAAF/&lt;/a&gt;&lt;/li&gt;
  &lt;li&gt;Twitter: &lt;a href=&quot;https://twitter.com/pplaaf&quot;&gt;@pplaaf&lt;/a&gt;&lt;/li&gt;
&lt;/ul&gt;

&lt;h3 id=&quot;for-further-information-please-contact&quot;&gt;For further information, please contact:&lt;/h3&gt;
&lt;ul&gt;
  &lt;li&gt;In Paris, William Bourdon (French, English): &lt;a href=&quot;mailto:w.bourdon@bourdon-associes.com&quot;&gt;w.bourdon@bourdon-associes.com&lt;/a&gt; or + 33 1 42 60 32 60&lt;/li&gt;
  &lt;li&gt;In Paris, Henri Thulliez (French, English): &lt;a href=&quot;mailto:henri@pplaaf.org&quot;&gt;henri@pplaaf.org&lt;/a&gt; or + 33 7 62 68 49 44&lt;/li&gt;
  &lt;li&gt;In Durban, Khadija Sharife (English): &lt;a href=&quot;mailto:ksharife@gmail.com&quot;&gt;ksharife@gmail.com&lt;/a&gt; or + 27 (71) 688 62 76&lt;/li&gt;
&lt;/ul&gt;

&lt;p&gt;&lt;br /&gt;
&lt;br /&gt;&lt;/p&gt;

&lt;hr /&gt;</content><author><name>PPLAAF</name></author><category term="pressrelease" /><category term="featured" /><category term="DRC" /><summary type="html">PPLAAF reveals whistleblowers revelations of negotiations between the DRC government and Dubai Port World</summary><media:thumbnail xmlns:media="http://search.yahoo.com/mrss/" url="http://localhost:4000/pressrelease.png" /></entry><entry><title type="html">South Africa&amp;amp;#58 State-Capture puts an end to Jacob Zuma’s presidency</title><link href="http://localhost:4000/2018/02/15/zuma-presidency-ends.html" rel="alternate" type="text/html" title="South Africa&amp;#58 State-Capture puts an end to Jacob Zuma’s presidency" /><published>2018-02-15T00:00:00+02:00</published><updated>2018-02-15T00:00:00+02:00</updated><id>http://localhost:4000/2018/02/15/zuma-presidency-ends</id><content type="html" xml:base="http://localhost:4000/2018/02/15/zuma-presidency-ends.html">&lt;p&gt;&lt;em&gt;(Durban, February 15th, 2018)&lt;/em&gt; – The arrests of some members of the Gupta family as well as president Jacob Zuma’s resignation show South Africans’ will to wipe out state capture, said the Platform to Protect Whistleblowers in Africa (&lt;a href=&quot;https://pplaaf.org/2018/01/29/trillian-goodson-speaks.html&quot;&gt;PPLAAF&lt;/a&gt;) today. Several scandals revealed by whistleblowers shed the light on the highly corrupted regime of Jacob Zuma.&lt;/p&gt;

&lt;p&gt;&lt;em&gt;“This day is a victory for those who fight relentlessly against corruption”, said &lt;a href=&quot;https://pplaaf.org/who-we-are.html&quot;&gt;William Bourdon&lt;/a&gt;, Chairman of PPLAAF. “Whistleblowers and anti-corruption activists, working on the light or in the shade, are the true heroes of this historical day. But true justice will only be achieved when those responsible are properly prosecuted”.&lt;/em&gt;&lt;/p&gt;

&lt;p&gt;On February 14th, 2018, Jacob Zuma formally submitted his resignation as President of South Africa with immediate effect. This followed a recall of Zuma as President by the African National Congress (ANC), South Africa’s ruling political party. The ANC has not given Zuma reasons articulating why he was recalled though “state capture” involving the Gupta family is considered to be a primary cause.&lt;/p&gt;

&lt;p&gt;The resignation came a few hours shy of the raid on the Gupta’s Saxonworld home followed by the arrests of some members of the Gupta family. The raid was conducted by the Hawks, a specialized crime unit with whom the Guptas are allegedly seeking to strike a deal. The President’s son, Duduzane Zuma, is alleged to have confirmed that he will turn himself over to the Hawks.&lt;/p&gt;

&lt;p&gt;The three Gupta brothers moved from India to South Africa in the 1990s and turned a computer parts business into a conglomerate with properties in media, mining and professional services. Duduzane Zuma has worked for the family. They are involved in what is called “State capture”, a term used to describe the pillage of national companies and institutions, corrupting the people of power, as well changing the country’s laws, so they would all work in the private interest’s interest.&lt;/p&gt;

&lt;p&gt;The arrests are a direct consequence of a preservation order which the Asset Forfeiture Unit (part of the country’s National Prosecuting Authority) &lt;a href=&quot;https://pplaaf.org/2018/01/16/embargoed-pressrelease.html&quot;&gt;obtained&lt;/a&gt; in relation to tens of millions siphoned off by the Guptas. The AFU’s efforts were directly aided and complemented by labour federation SAFTU which was supported by PPLAAF’s legal team. These efforts began in October 2017 when criminal charges were laid against Gupta-related company Trillian and its shareholders.&lt;/p&gt;

&lt;p&gt;The success of the initiative was directly dependent on whistleblowers such as &lt;a href=&quot;https://www.dailymaverick.co.za/article/2017-08-09-amabhunhgane-the-woman-who-blew-the-whistle&quot;&gt;Mosilo Mothepu&lt;/a&gt;, &lt;a href=&quot;https://pplaaf.org/2018/01/29/trillian-goodson-speaks.html&quot;&gt;Bianca Goodson&lt;/a&gt; and Suzanne Daniels among other persons who prefer to remain anonymous or confidential.&lt;/p&gt;

&lt;p&gt;Trillian is a South-African consulting firm owned by Salim Essa, an associate of the Gupta family. As Chief Executive Officers, Bianca Goodson and Mosilo Mothepu quickly started noticing shady activities: the firm was using its connections to land lucrative government contracts, such as from national energy company Eskom, then handing them to external partners.&lt;/p&gt;

&lt;p&gt;Feeling lied to by their superiors about the company’s activities, Goodson and Mothepu resigned from Trillian in April 2016. Although the two whistleblowers feared legal consequences and defamation, they both decided to speak up.&lt;/p&gt;

&lt;p&gt;Mothepu sent a statement to Thuli Madonsela, the former public protector, which resulted in the publication in October 2016 of “State of Capture”, a report on the links between the Gupta Family and President Zuma. Goodson &lt;a href=&quot;https://pplaaf.org/2017/09/29/trillian-bg-pressrelease.html&quot;&gt;released&lt;/a&gt; a detailed statement on Trillian’s activities through PPLAAF. They both testified in front of South-African parliament in November 2017.&lt;/p&gt;

&lt;p&gt;&lt;em&gt;“I did what I did because it was the right thing to do. I knew it was my responsibility as a human being, a mother, a citizen of the country and a Christian to stand for my values and principles”, said Bianca Goodson. “I am joyful that things are slowly turning around and that South Africa is standing up for its own values.”&lt;/em&gt;&lt;/p&gt;

&lt;p&gt;PPLAAF’s continued legal, financial, evidentiary, risk analysis and other support to whistleblowers such as Mothepu and Goodson among other as yet unknown whistleblowers, remains steadfast.&lt;/p&gt;

&lt;p&gt;PPLAAF has also partnered with South African media &lt;a href=&quot;http://amabhungane.co.za/&quot;&gt;amaBhungane&lt;/a&gt; and &lt;a href=&quot;https://www.dailymaverick.co.za/article/2017-08-09-amabhunhgane-the-woman-who-blew-the-whistle&quot;&gt;Daily Maverick&lt;/a&gt;, to provide access to the GuptaLeaks through a single portal - Investigative Dashboard via the Organised Crime and Corruption Reporting Project (&lt;a href=&quot;https://www.occrp.org/en&quot;&gt;OCCRP&lt;/a&gt;) with the support of &lt;a href=&quot;http://www.financeuncovered.org/&quot;&gt;Finance Uncovered&lt;/a&gt;.&lt;/p&gt;

&lt;p&gt;These actions constitute the beginning of the process to effect accountability in south Africa’s judicial and democratic system. Prosecution and asset recovery of monies siphoned to and via the United Arab Emirates, India, the United States and the United Kingdom is crucial along with the cooperation of law enforcement and entities including banks and accounting firms. PPLAAF is committed to contribute to the asset recovery, legal strategies and initiatives in prosecuting those who must be held accountable.&lt;/p&gt;

&lt;p&gt;&lt;br /&gt;
&lt;br /&gt;&lt;/p&gt;

&lt;hr /&gt;

&lt;p&gt;PPLAAF is a Senegalese non-governmental organization founded in 2017 by advocate Willian Bourdon with the mandate of supporting whistleblowers and leaks through legal strategy, funding, research, legislation, technology and other needs.&lt;/p&gt;

&lt;h3 id=&quot;to-follow-pplaaf-follow-its-profiles&quot;&gt;To follow PPLAAF, follow its profiles:&lt;/h3&gt;
&lt;ul&gt;
  &lt;li&gt;Facebook: &lt;a href=&quot;https://www.facebook.com/PPLAAF/&quot;&gt;https://www.facebook.com/PPLAAF/&lt;/a&gt;&lt;/li&gt;
  &lt;li&gt;Twitter: &lt;a href=&quot;https://twitter.com/pplaaf&quot;&gt;@pplaaf&lt;/a&gt;&lt;/li&gt;
&lt;/ul&gt;

&lt;h3 id=&quot;for-further-information-please-contact&quot;&gt;For further information, please contact:&lt;/h3&gt;
&lt;ul&gt;
  &lt;li&gt;&lt;a href=&quot;mailto:info@pplaaf.org&quot;&gt;info@pplaaf.org&lt;/a&gt;&lt;/li&gt;
&lt;/ul&gt;

&lt;hr /&gt;</content><author><name></name></author><category term="featured" /><category term="SouthAfrica" /><summary type="html">Disclosures on state capture made possible thanks to whistleblowers must lead to prosecutions.</summary><media:thumbnail xmlns:media="http://search.yahoo.com/mrss/" url="http://localhost:4000/zuma1.jpg" /></entry><entry><title type="html">Algérie&amp;amp;#58 Les lanceurs d’alerte ne devraient pas subir de représailles</title><link href="http://localhost:4000/fr/2018/02/01/algerie-lanceurs-dalerte.html" rel="alternate" type="text/html" title="Algérie&amp;#58 Les lanceurs d’alerte ne devraient pas subir de représailles" /><published>2018-02-01T00:00:00+02:00</published><updated>2018-02-01T00:00:00+02:00</updated><id>http://localhost:4000/fr/2018/02/01/algerie-lanceurs-dalerte</id><content type="html" xml:base="http://localhost:4000/fr/2018/02/01/algerie-lanceurs-dalerte.html">&lt;!-- &lt;img class=&quot;img-responsive img-post center-block&quot; src=&quot;/assets/img/posts/cyber-journ.jpg&quot;&gt; --&gt;

&lt;p&gt;(Paris, le 2 février 2018) – L’inculpation d’un lanceur d’alerte algérien pour divulgations de secrets d’entreprise le 28 janvier, puis pour diffamation le 31 janvier, montre que la situation des lanceurs dans ce pays demeure préoccupante, a déclaré la Plateforme de Protection des Lanceurs d’Alerte en Afrique (PPLAAF) aujourd’hui.&lt;/p&gt;

&lt;p&gt;Noureddine Tounsi est un ancien responsable commercial de l’Entreprise portuaire d’Oran (EPO), une entreprise publique. Après avoir interpellé sa hiérarchie sur des dysfonctionnements et malversations en lien avec les activités du port, il a saisi le parquet en avril 2016 sur ces faits. A la suite de l’ouverture d’une enquête, il a commencé à subir des représailles de sa hiérarchie en étant mis à pied, rétrogradé puis &lt;a href=&quot;https://algeriepart.com/2017/07/27/documents-exclusifs-port-doran-cadres-menaces-harceles-quils-ont-dit-non-aux-affaires-louches-dali-haddad/&quot; target=&quot;blank&quot;&gt;licencié&lt;/a&gt; en septembre 2016.&lt;/p&gt;

&lt;p&gt;Selon lui, des pratiques frauduleuses étaient réalisées au bénéfice de l’Entreprise des travaux routiers, hydrauliques et bâtiments (ETRHB), société importatrice de marchandises d’Ali Haddad, un important homme d’affaires algérien. Cette société, avec la complicité de responsables de l’EPO, économiserait de grandes sommes d’argent en ne payant pas les redevances prévues à l’importation.&lt;/p&gt;

&lt;p&gt;Divers procédés permettraient d’éviter de payer les redevances : prestations offertes ou sous-facturées, falsification de factures pour bénéficier d’un tarif plus avantageux, modification du type de marchandise importé, recours internes pour contester la facturation de prestations qui n’auraient soi-disant pas eu lieues pour être remboursé, etc.&lt;/p&gt;

&lt;p&gt;Cette affaire a été révélée au public en Algérie par M. Tounsi à partir de 2016 avec les médias Al Akhbar et &lt;a href=&quot;https://algeriepart.com/2017/07/26/enquete-exclusive-port-doran-a-perdu-de-largent-a-cause-dali-haddad/&quot; target=&quot;blank&quot;&gt;Algérie Part&lt;/a&gt;. Il est également soutenu par la Ligue algérienne pour la défense des droits de l’homme (LADDH).&lt;/p&gt;

&lt;p&gt;&lt;em&gt;« Malheureusement, le cas de Noureddine Tounsi n’est pas unique. C’est la règle en Algérie. Tous les lanceurs d’alerte y sont persécutés »&lt;/em&gt;, a déclaré Kaddour Chouicha, vice-président de la LADDH et responsable de la section d’Oran. &lt;em&gt;« Dès 2006, un Organe national de prévention et de lutte contre la corruption (ONPLC) avait été créé, suivi en 2010 par la création d’un Office central de répression de la corruption. L’année 2016 a vu la transformation de l’ONPLC en instance consultative auprès du président de la République, mais cela n’a abouti à aucune avancée en pratique »&lt;/em&gt;.&lt;/p&gt;

&lt;p&gt;M. Tounsi a récemment créé un Comité national de défense des dénonciations de la corruption en Algérie.&lt;/p&gt;

&lt;p&gt;Une autre affaire révélée par Noureddine Tounsi sur l’EPO met en cause la corruption du président des œuvres sociales de cette entreprise dans le cadre de pèlerinages à La Mecque offerts aux employés et ex-employés de l’entreprise. Les organismes de voyage associés auraient été choisis sans appel d’offre et traiteraient avec le port sans aucune convention et en espèces, au mépris de la législation relative aux marchés publics.&lt;/p&gt;

&lt;p&gt;Le juge d’instruction en charge de l’enquête sur la fraude à la facturation de marchandises a ordonné un non-lieu le 24 octobre 2017. A la suite d’un appel contre cette décision, ce non-lieu a été annulé le 17 décembre, mais jusqu’à aujourd’hui, l’enquête ne semble pas avoir repris.&lt;/p&gt;

&lt;p&gt;Alors que les enquêtes sur les accusations de M. Tounsi n’avancent pas, celles lancées contre lui par son ancien employeur sont en revanche traitées rapidement. M. Tounsi fait en effet désormais l’objet de représailles de la part de l’EPO qui a déposé plusieurs plaintes pénales contre lui, notamment pour injure, diffamation et divulgation de secrets d’entreprise.&lt;/p&gt;

&lt;p&gt;Il a été inculpé le 31 janvier pour diffamation dans l’affaire de fraude à la redevance, alors même que l’enquête est toujours en cours depuis l’annulation du non-lieu.&lt;/p&gt;

&lt;p&gt;&lt;em&gt;« Nul ne devrait faire l’objet de représailles pour avoir dénoncé des activités contraires à la loi ou à l’intérêt général. Après avoir dénoncé en interne les malversations puis auprès des autorités, M. Tounsi a été licencié et poursuivis pénalement pour avoir fait ce qui lui semblait juste »&lt;/em&gt;, a déclaré Henri Thulliez, membre du conseil d’administration de PPLAAF. &lt;em&gt;« Les lanceurs d’alerte ne doivent plus être muselés. Il n’y aura pas de lutte efficace contre la corruption sans une véritable protection des lanceurs d’alerte »&lt;/em&gt;.&lt;/p&gt;

&lt;p&gt;L’article 45 de la loi n°06-01 du 20 février 2006 relative à la prévention et à la lutte contre la corruption incrimine les vengeances et intimidations sous toutes formes à l’égard des dénonciateurs. En outre, depuis une réforme de 2015, le Code de procédure pénale algérien prévoit aux articles 65 bis 19 et suivants des mesures pour protéger les lanceurs d’alerte dans des affaires de corruption en leur qualité de témoins, notamment la protection de leur identité pendant la procédure. Cependant, les autorités judiciaires auraient refusé toute protection à M. Tounsi jusqu’à présent.&lt;/p&gt;

&lt;p&gt;PPLAAF appelle les autorités algériennes à protéger effectivement les lanceurs d’alerte, arrêter toutes les poursuites engagées contre M. Tounsi et sanctionner toute personne responsable et complice de ce harcèlement judiciaire.&lt;/p&gt;

&lt;p&gt;Un lanceur d’alerte est une personne qui révèle des informations concernant des actes illégaux, illicites ou contraires à l’intérêt général dont il a été témoin dans le contexte de sa relation de travail.&lt;/p&gt;

&lt;p&gt;&lt;a href=&quot;https://pplaaf.org/fr&quot;&gt;PPLAAF&lt;/a&gt; est une organisation non gouvernementale sénégalaise créée en mars 2017 proposant un spectre entier de solutions pour pourvoir aux différents besoins des lanceurs d’alerte : encryptage d’un bout à l’autre de la communication, soutien juridique gratuit en conseils ou en représentation légale contre des employeurs ou autre, assistance continue pour protéger le lanceur d’alerte dans la divulgation de l’information au public, développement de législations protégeant les lanceurs d’alerte.&lt;/p&gt;

&lt;p&gt;&lt;br /&gt;&lt;/p&gt;

&lt;hr /&gt;

&lt;h3 id=&quot;pour-plus-dinformations-sur-pplaaf-visitez-les-pages-&quot;&gt;Pour plus d’informations sur PPLAAF, visitez les pages :&lt;/h3&gt;
&lt;ul&gt;
  &lt;li&gt;&lt;a href=&quot;https://pplaaf.org/&quot;&gt;https://pplaaf.org/&lt;/a&gt;&lt;/li&gt;
  &lt;li&gt;Facebook: &lt;a href=&quot;https://fr-fr.facebook.com/PPLAAF/&quot;&gt;https://fr-fr.facebook.com/PPLAAF/&lt;/a&gt;&lt;/li&gt;
  &lt;li&gt;Twitter: &lt;a href=&quot;https://twitter.com/pplaaf&quot;&gt;@pplaaf&lt;/a&gt;&lt;/li&gt;
&lt;/ul&gt;

&lt;hr /&gt;</content><author><name>PPLAAF</name></author><category term="fr" /><category term="featured" /><summary type="html">Algérie&amp;#58 Les lanceurs d’alerte ne devraient pas subir de représailles. Un lanceur d’alerte poursuivi après avoir dénoncé des malversations au sein d’une entreprise publique</summary><media:thumbnail xmlns:media="http://search.yahoo.com/mrss/" url="http://localhost:4000/pressrelease.png" /></entry><entry><title type="html">Trillian – Bianca Goodson Speaks</title><link href="http://localhost:4000/2018/01/29/trillian-goodson-speaks.html" rel="alternate" type="text/html" title="Trillian – Bianca Goodson Speaks" /><published>2018-01-29T00:00:00+02:00</published><updated>2018-01-29T00:00:00+02:00</updated><id>http://localhost:4000/2018/01/29/trillian-goodson-speaks</id><content type="html" xml:base="http://localhost:4000/2018/01/29/trillian-goodson-speaks.html">&lt;p&gt;In an in-depth interview, former Trillian executive, Bianca Goodson lifts the lid on the inner workings of the Gupta empire, revealing how Gupta-linked companies planned to siphon billions from State-owned enterprises. Goodson also opens up to Carte Blanche about the secret life of a whistle-blower – the fear, anxiety and depression associated with speaking up.&lt;/p&gt;

&lt;p&gt;&lt;a href=&quot;https://carteblanche.dstv.com/trillian-bianca-goodson-speaks/&quot; target=&quot;blank&quot;&gt;&lt;img class=&quot;img-responsive img-post center-block&quot; src=&quot;/assets/img/posts/carteblanche2.jpg&quot; /&gt;&lt;/a&gt;
&lt;br /&gt;
View the video &lt;a href=&quot;https://carteblanche.dstv.com/trillian-bianca-goodson-speaks/&quot; target=&quot;blank&quot;&gt;here&lt;/a&gt;&lt;/p&gt;

&lt;p&gt;&lt;br /&gt;
&lt;br /&gt;&lt;/p&gt;

&lt;hr /&gt;

&lt;h3 id=&quot;to-follow-pplaaf-follow-its-profiles&quot;&gt;To follow PPLAAF, follow its profiles:&lt;/h3&gt;
&lt;ul&gt;
  &lt;li&gt;Facebook: &lt;a href=&quot;https://www.facebook.com/PPLAAF/&quot;&gt;https://www.facebook.com/PPLAAF/&lt;/a&gt;&lt;/li&gt;
  &lt;li&gt;Twitter: &lt;a href=&quot;https://twitter.com/pplaaf&quot;&gt;@pplaaf&lt;/a&gt;&lt;/li&gt;
&lt;/ul&gt;

&lt;h3 id=&quot;for-further-information-please-contact&quot;&gt;For further information, please contact:&lt;/h3&gt;
&lt;ul&gt;
  &lt;li&gt;&lt;a href=&quot;mailto:info@pplaaf.org&quot;&gt;info@pplaaf.org&lt;/a&gt;&lt;/li&gt;
&lt;/ul&gt;

&lt;hr /&gt;</content><author><name></name></author><category term="featured" /><category term="SouthAfrica" /><summary type="html">In an in-depth interview, former Trillian executive, Bianca Goodson lifts the lid on the inner workings of the Gupta empire, revealing how Gupta-linked companies planned to siphon billions from State-owned enterprises.</summary><media:thumbnail xmlns:media="http://search.yahoo.com/mrss/" url="http://localhost:4000/carteblanche2.jpg" /></entry></feed>