<?xml version="1.0" encoding="utf-8"?><feed xmlns="http://www.w3.org/2005/Atom" ><generator uri="https://jekyllrb.com/" version="3.6.2">Jekyll</generator><link href="https://pplaaf.org/feed.xml" rel="self" type="application/atom+xml" /><link href="https://pplaaf.org/" rel="alternate" type="text/html" /><updated>2017-12-02T13:26:45+02:00</updated><id>https://pplaaf.org/</id><title type="html">Plateforme de Protection des Lanceurs d’Alerte en Afrique</title><entry><title type="html">Nigeria – Court orders that a suspended whistleblower be recalled and reinstated</title><link href="https://pplaaf.org/2017/11/30/nigeria-court-orders-whistleblower-reinstation.html" rel="alternate" type="text/html" title="Nigeria – Court orders that a suspended whistleblower be recalled and reinstated" /><published>2017-11-30T00:00:00+02:00</published><updated>2017-11-30T00:00:00+02:00</updated><id>https://pplaaf.org/2017/11/30/nigeria-court-orders-whistleblower-reinstation</id><content type="html" xml:base="https://pplaaf.org/2017/11/30/nigeria-court-orders-whistleblower-reinstation.html">&lt;!-- &lt;img class=&quot;img-responsive img-post center-block&quot; src=&quot;/img/posts/saftu.jpg&quot;&gt;  --&gt;
&lt;!-- &lt;br&gt; --&gt;

&lt;p&gt;(Abuja, November 30th, 2017) – The court decision to recall and reinstate Aaron Kaase, the suspended  Principal Administrative officer with the Police Services Commission (PSC) for having disclosed alleged fraud against the PSC’s current Chair - Mike Okiro, sends a strong signal to whistleblowers in Nigeria, said the Platform to Protect Whistleblowers in Africa (PPLAAF) today. Kaase’s disclosure was made to the relevant authorities in Nigeria. Kaase’s case was won on the basis of labor law rather than whistleblower protection.&lt;/p&gt;

&lt;p&gt;PPLAAF and the Human and Environmental Development Agenda (HEDA) have been assisting Kaase in his case.&lt;/p&gt;

&lt;p&gt;&lt;a href=&quot;../../../downloads/COURT-JUDGEMENT.pdf&quot;&gt;In a 10-page judgement&lt;/a&gt;, Justice R.B. Hastrup of the National Industrial Court sitting in Abuja held that the PSC denied Kaase, a whistleblower, the constitutionally guaranteed right to fair hearing. The PSC also did not follow the laid down disciplinary procedures before arbitrarily suspending him indefinitely and without pay.&lt;/p&gt;

&lt;p&gt;The suspension - declared by the court as null, void and of no effect – directed the Commission to immediately reinstate him to resume normal duties. Kaase was awarded all salaries and benefits owed to him during the period of unfair suspension.&lt;/p&gt;

&lt;p&gt;&lt;em&gt;“This decision sends a strong message: no one should be the victim of reprisals when one does the right thing by disclosing information about an illicit or illegal activity or an activity which goes against public interest”, said &lt;a href=&quot;https://pplaaf.org/who-we-are.html&quot;&gt;William Bourdon&lt;/a&gt;, president of PPLAAF. “The Police Service Commission should have thanked Kaase for what he did and triggered an investigation on the basis of his disclosure. But instead of thanking him, they fired him”.&lt;/em&gt;&lt;/p&gt;

&lt;p&gt;The case is important for it spoke to the integrity of a unit designed to be the watchdog of the police force but whose leadership, it appeared, preferred not to be scrutinized. In May 2015, Kaase, a senior officer with the Police Service Commission petitioned both the Independent Corrupt Practices Commission (ICPC) and the Economic and the Financial Crimes Commission (EFCC) alleging fraud of over 275 million Nairas (about 645,000 euros) against Mike Okiro then-Inspector General of Police. Okiro currently serves as the Chair of the PSC.&lt;/p&gt;

&lt;p&gt;According to Kaase’s disclosure and the ICPC investigations, the PSC had received 350 million Nairas (about 821,000 euros) from the National Security Agency to train its staff members on monitoring of police conduct during the elections. The PSC had budgeted for the training of 900 staff and to conduct trainings in Abuja, Lagos and Kano. Yet the entire force was little more than 400 people. The “mock trainings” were organized in Nasarawa State instead of in Kano, Lagos and Abuja.&lt;/p&gt;

&lt;p&gt;After his disclosure, Mr. Kaase was arrested, detained and harassed.&lt;/p&gt;

&lt;p&gt;In late 2015, &lt;a href=&quot;../../../downloads/ICPC-report.pdf&quot;&gt;the ICPC published a report&lt;/a&gt; on Kaase’s petition directing the PSC to refund the sum of 133 million nairas (about 312,000 euros) to its recovery account. The ICPC curiously found no criminal infraction on the person of Okiro though Emmanuel Ibe, Director Administration and Finance of PSC was charged with 10 counts of fraud in a Nigerian court.&lt;/p&gt;

&lt;p&gt;Kaase still faces what has been described as “trumped up” charges by Okiro. That case will adjourn in Nigeria’s Federal High Court on 22 January 2018.&lt;/p&gt;

&lt;p&gt;&lt;em&gt;“This decision of National Industrial Court (NIC) is a major boost in the promotion of whistleblowing and protection of the blowers. It is a clear assertion of the rule of law over and above the rule of looters,” said Olanrewaju Suraju of Nigeria’s Civil Society Network Against Corruption and HEDA.  He went on to say, “The forthcoming criminal charges against Aaron Kaase, orchestrated by criminal elements in High places, are also bound to fail.”&lt;/em&gt;&lt;/p&gt;

&lt;p&gt;In Nigeria, many revelations on corruptive activities have recently been made possible thanks to whistleblowers despite a proper law protecting them. PPLAAF has been &lt;a href=&quot;https://pplaaf.org/2017/06/15/nigerian-parliament.html&quot;&gt;helping&lt;/a&gt; Nigerian parliamentarians to adopt a strong and progressive bill to protect whistleblowers.&lt;/p&gt;

&lt;p&gt;&lt;br /&gt;
PPLAAF &lt;br /&gt;
October 19th 2017 &lt;br /&gt;
&lt;a href=&quot;mailto:info@pplaaf.org&quot;&gt;info@pplaaf.org&lt;/a&gt;&lt;/p&gt;

&lt;p&gt;&lt;br /&gt;&lt;/p&gt;

&lt;hr /&gt;

&lt;h3 id=&quot;to-follow-pplaaf-follow-its-profiles&quot;&gt;To follow PPLAAF, follow its profiles:&lt;/h3&gt;
&lt;ul&gt;
  &lt;li&gt;Facebook: &lt;a href=&quot;https://www.facebook.com/PPLAAF/&quot;&gt;https://www.facebook.com/PPLAAF/&lt;/a&gt;&lt;/li&gt;
  &lt;li&gt;Twitter: &lt;a href=&quot;https://twitter.com/pplaaf&quot;&gt;@pplaaf&lt;/a&gt;&lt;/li&gt;
&lt;/ul&gt;

&lt;h3 id=&quot;for-further-information-please-contact&quot;&gt;For further information, please contact:&lt;/h3&gt;
&lt;ul&gt;
  &lt;li&gt;&lt;a href=&quot;mailto:info@pplaaf.org&quot;&gt;info@pplaaf.org&lt;/a&gt;&lt;/li&gt;
&lt;/ul&gt;

&lt;hr /&gt;</content><author><name>PPLAAF</name></author><category term="pressrelease" /><category term="featured" /><category term="Nigeria" /><summary type="html">A former Principal Administrative officer had been suspended by his hierarchy after disclosing to the authorities fraudulent activities</summary><media:thumbnail xmlns:media="http://search.yahoo.com/mrss/" url="https://pplaaf.org/pressrelease.png" /></entry><entry><title type="html">South Africa&amp;amp;#58 More Revelations on State Capture</title><link href="https://pplaaf.org/2017/11/10/capture-revelations.html" rel="alternate" type="text/html" title="South Africa&amp;#58 More Revelations on State Capture" /><published>2017-11-10T00:00:00+02:00</published><updated>2017-11-10T00:00:00+02:00</updated><id>https://pplaaf.org/2017/11/10/capture-revelations</id><content type="html" xml:base="https://pplaaf.org/2017/11/10/capture-revelations.html">&lt;p&gt;(Johannesburg, November 10th, 2017) – After publishing the Gupta Leaks with its partners, PPLAAF is now disclosing relevant documents of the former CEO of the Gupta-linked company Trillian, declared today &lt;a href=&quot;https://pplaaf.org&quot;&gt;PPLAAF&lt;/a&gt;, the Platform to Protect Whistleblowers in Africa.&lt;/p&gt;

&lt;p&gt;On October 31st and November 3rd, 2017, Bianca Goodson and Mosilo Mothepu, former CEOs of Gupta-linked Trillian, testified in South Africa’s parliamentary Portfolio Committee on Public Enterprises (“Eskom Inquiry”).&lt;/p&gt;

&lt;p&gt;&lt;em&gt;“By disclosing information on a massive fraudulent system to the Parliament and the public, Bianca Goodson and Mosilo Mothepu are showing to South Africa and to the World that whistleblowers are the modern watchdogs of democracy”&lt;/em&gt;, said &lt;a href=&quot;https://pplaaf.org/who-we-are.html&quot;&gt;William Bourdon&lt;/a&gt;, president of PPLAAF.&lt;/p&gt;

&lt;p&gt;Corroborating accounts coupled with annexures unravel the role of Trillian and key associates of the Gupta family in accessing insider information and allegedly in siphoning hundreds of millions of Dollars from state-owned entities such as Transnet and Eskom in collusion with Ministers and other public officials, as well as multinationals Testimonies were provided under the umbrella of parliamentary immunity.&lt;/p&gt;

&lt;p&gt;Goodson’s statement was previously &lt;a href=&quot;https://pplaaf.in/trillian-bg/&quot;&gt;released&lt;/a&gt; by PPLAAF on September 27th, 2017. On November 3rd, Goodson made accessible a &lt;a href=&quot;https://pplaaf.in/trillian-bg/files&quot;&gt;copy&lt;/a&gt; of her Trillian computer including emails. The disclosure contains contextual data that has been curated to protect personal information relating to Human resources matters and staff at Trillian and Goodson’s own personal life. As much as possible, information was curated to ensure that the privacy of Trillian’s former staff should be protected.&lt;/p&gt;

&lt;p&gt;Mothepu’s statement was provided to members of parliament and selected journalists. Mothepu continues to face criminal and civil charges laid by Trillian and has since been accused of perjury by Gupta-associate and Trillian CEO, Eric Wood.&lt;/p&gt;

&lt;p&gt;Following a request from the Honorable Acting Chair of the “Eskom Inquiry” to publish “selected extracts” of the Gupta Leaks, PPLAAF curated specific interactions around themes such as Eskom, Transnet, Ministers, Bell Pottinger, KPMG, SAA and Denel among others. These documents, which are meant to show interactions between key persons and entities, are &lt;a href=&quot;https://pplaaf.in/gleaks/&quot;&gt;publicly accessible&lt;/a&gt; for a period of ten days.&lt;/p&gt;

&lt;p&gt;PPLAAF complied with the request of the Parliament as it believes that it is important for citizens to directly access a glimpse of the information - showing how public officials, the Gupta family and their associates, are alleged to have interacted - to understand the depth and ease with which “State capture” occurred at the highest level of political power and influence.&lt;/p&gt;

&lt;p&gt;In partnership with &lt;a href=&quot;http://amabhungane.co.za/&quot;&gt;amaBhungane&lt;/a&gt; and &lt;a href=&quot;https://www.dailymaverick.co.za/&quot;&gt;Daily Maverick&lt;/a&gt; - original receivers of the Gupta Leaks alongside PPLAAF, the organization has opted to &lt;a href=&quot;http://amabhungane.co.za/article/2017-11-10-guptaleaks-released-to-journalists-worldwide&quot;&gt;provide&lt;/a&gt; access to the Gupta Leaks via a single portal - Investigative Dashboard, which is available to global media via the Organised Crime and Corruption Reporting Project (&lt;a href=&quot;https://www.occrp.org/en&quot;&gt;OCCRP&lt;/a&gt;) with the support of &lt;a href=&quot;http://www.financeuncovered.org/&quot;&gt;Finance Uncovered&lt;/a&gt;.&lt;/p&gt;

&lt;p&gt;&lt;br /&gt;
PPLAAF &lt;br /&gt;
November 10th 2017 &lt;br /&gt;
&lt;a href=&quot;mailto:info@pplaaf.org&quot;&gt;info@pplaaf.org&lt;/a&gt;&lt;/p&gt;

&lt;p&gt;&lt;br /&gt;&lt;/p&gt;

&lt;hr /&gt;

&lt;h3 id=&quot;to-follow-pplaaf-follow-its-profiles&quot;&gt;To follow PPLAAF, follow its profiles:&lt;/h3&gt;
&lt;ul&gt;
  &lt;li&gt;Facebook: &lt;a href=&quot;https://www.facebook.com/PPLAAF/&quot;&gt;https://www.facebook.com/PPLAAF/&lt;/a&gt;&lt;/li&gt;
  &lt;li&gt;Twitter: &lt;a href=&quot;https://twitter.com/pplaaf&quot;&gt;@pplaaf&lt;/a&gt;&lt;/li&gt;
&lt;/ul&gt;

&lt;h3 id=&quot;for-further-information-please-contact&quot;&gt;For further information, please contact:&lt;/h3&gt;
&lt;ul&gt;
  &lt;li&gt;In Paris, William Bourdon (French, English): &lt;a href=&quot;mailto:w.bourdon@bourdon-associes.com&quot;&gt;w.bourdon@bourdon-associes.com&lt;/a&gt; or + 33 1 42 60 32 60&lt;/li&gt;
  &lt;li&gt;In Johannesburg, Khadija Sharife (English): &lt;a href=&quot;mailto:ksharife@gmail.com&quot;&gt;ksharife@gmail.com&lt;/a&gt; or + 27 (71) 688 62 76&lt;/li&gt;
&lt;/ul&gt;

&lt;hr /&gt;</content><author><name>PPLAAF</name></author><category term="featured" /><category term="pressrelease" /><summary type="html">Gupta Leaks and Trillian Whistleblower’s Data Now Available</summary><media:thumbnail xmlns:media="http://search.yahoo.com/mrss/" url="https://pplaaf.org/pressrelease.png" /></entry><entry><title type="html">GuptaLeaks to be released to journalists worldwide</title><link href="https://pplaaf.org/2017/11/09/gleaks-journalist-release.html" rel="alternate" type="text/html" title="GuptaLeaks to be released to journalists worldwide" /><published>2017-11-09T00:00:00+02:00</published><updated>2017-11-09T00:00:00+02:00</updated><id>https://pplaaf.org/2017/11/09/gleaks-journalist-release</id><content type="html" xml:base="https://pplaaf.org/2017/11/09/gleaks-journalist-release.html">&lt;!-- &lt;img class=&quot;img-responsive img-post center-block&quot; src=&quot;/img/posts/gupta-leaks-1.png&quot;&gt;  --&gt;
&lt;!-- &lt;br&gt; --&gt;

&lt;p&gt;The &lt;a href=&quot;http://www.occrp.org/&quot;&gt;Organised Crime and Corruption Reporting Project&lt;/a&gt;, &lt;a href=&quot;http://www.dailymaverick.co.za/&quot;&gt;Daily Maverick&lt;/a&gt;, &lt;a href=&quot;http://www.amabhungane.co.za/&quot;&gt;amaBhungane Centre for Investigative Journalism&lt;/a&gt; and &lt;a href=&quot;http://www.pplaaf.org/&quot;&gt;Platform for the Protection of Whistleblowers in Africa&lt;/a&gt; have launched today an online facility for sharing a large data trove at the centre of an international corruption and money laundering scandal.&lt;/p&gt;

&lt;p&gt;The #GuptaLeaks contain hundreds of thousands of emails and other documents evidencing how three businessman brothers, the Guptas, have “captured” political decision-making in South Africa, benefited from state contracts and allegedly laundered [billions of rands] [hundreds of millions of Dollars/Euros] offshore. The Guptas are friends of South African President Jacob Zuma and in business with his son Duduzane.&lt;/p&gt;

&lt;p&gt;The scandal has reverberated internationally, implicating multinationals who facilitated or turned a blind eye to the Guptas’ allegedly criminal ventures. These include reputation management company Bell Pottinger, which has gone into administration, auditing firm KPMG, consultants McKinsey &amp;amp; Co and software giant SAP. Authorities in the US, UK and Dubai are reportedly investigating.&lt;/p&gt;

&lt;p&gt;The Daily Maverick’s Scorpio investigative unit and investigative non-profit amaBhungane have led reporting on the story in South Africa. The releasing partners feel that the data needs to be accessible to journalists widely given the potential for collaboration to expose the full extent of the wrongdoing.&lt;/p&gt;

&lt;p&gt;Qualifying journalists will receive password-protected access to the data. Apply here:&lt;/p&gt;
&lt;ul&gt;
  &lt;li&gt;Africa and Middle East: &lt;a href=&quot;mailto:admin@amabhungane.org&quot;&gt;admin@amabhungane.org&lt;/a&gt;&lt;/li&gt;
  &lt;li&gt;Americas, Eastern Europe and Asia: &lt;a href=&quot;mailto:drew@occrp.org&quot;&gt;drew@occrp.org&lt;/a&gt;&lt;/li&gt;
  &lt;li&gt;UK and Western Europe: &lt;a href=&quot;mailto:lionel@financeuncovered.org&quot;&gt;lionel@financeuncovered.org&lt;/a&gt;&lt;/li&gt;
&lt;/ul&gt;

&lt;p&gt;Please include your name, publication name, contact details and a very brief bio. If a freelancer, please indicate likely publication partner.&lt;/p&gt;

&lt;h2 id=&quot;about-us&quot;&gt;About us&lt;/h2&gt;
&lt;p&gt;The Organised Crime and Corruption Reporting Project (OCCRP) is an investigative reporting platform comprised of non-profit investigative centers, scores of journalists and several major regional news organizations around the globe including Latin America, Asia, Africa and Europe.&lt;/p&gt;

&lt;p&gt;The Daily Maverick is South Africa’s leading online daily and Scorpio is its investigative unit.&lt;/p&gt;

&lt;p&gt;The amaBhungane Centre for Investigative Journalism is a South African non-profit that develops investigative journalism through its best practice, helping others do the same, and information rights advocacy.&lt;/p&gt;

&lt;p&gt;The Platform for the Protection of Whistleblowers in Africa (Pplaaf) is a non-profit organisation designed to protect African whistleblowers from prosecution. Founded by Advocate William Bourdon, it provides legal strategy and funding assistance to whistleblowers, initiates and supports relevant legal cases and provides research and advocacy on legislation.&lt;/p&gt;

&lt;p&gt;&lt;br /&gt;
PPLAAF &lt;br /&gt;
November 10th 2017 &lt;br /&gt;
&lt;a href=&quot;mailto:info@pplaaf.org&quot;&gt;info@pplaaf.org&lt;/a&gt;&lt;/p&gt;

&lt;p&gt;&lt;br /&gt;&lt;/p&gt;

&lt;hr /&gt;

&lt;h3 id=&quot;to-follow-pplaaf-follow-its-profiles&quot;&gt;To follow PPLAAF, follow its profiles:&lt;/h3&gt;
&lt;ul&gt;
  &lt;li&gt;Facebook: &lt;a href=&quot;https://www.facebook.com/PPLAAF/&quot;&gt;https://www.facebook.com/PPLAAF/&lt;/a&gt;&lt;/li&gt;
  &lt;li&gt;Twitter: &lt;a href=&quot;https://twitter.com/pplaaf&quot;&gt;@pplaaf&lt;/a&gt;&lt;/li&gt;
&lt;/ul&gt;

&lt;h3 id=&quot;for-further-information-please-contact&quot;&gt;For further information, please contact:&lt;/h3&gt;
&lt;ul&gt;
  &lt;li&gt;In Paris, William Bourdon (French, English): &lt;a href=&quot;mailto:w.bourdon@bourdon-associes.com&quot;&gt;w.bourdon@bourdon-associes.com&lt;/a&gt; or + 33 1 42 60 32 60&lt;/li&gt;
  &lt;li&gt;In Johannesburg, Khadija Sharife (English): &lt;a href=&quot;mailto:ksharife@gmail.com&quot;&gt;ksharife@gmail.com&lt;/a&gt; or + 27 (71) 688 62 76&lt;/li&gt;
&lt;/ul&gt;

&lt;hr /&gt;</content><author><name>PPLAAF</name></author><category term="featured" /><summary type="html">OCCRP, Daily Maverick, and PPLAAF launch an online facility for sharing the GuptaLeaks.</summary><media:thumbnail xmlns:media="http://search.yahoo.com/mrss/" url="https://pplaaf.org/gupta-leaks-1.png" /></entry><entry><title type="html">South Africa whistleblower complains of political persecution</title><link href="https://pplaaf.org/2017/11/08/sa-whistleblower-persecution.html" rel="alternate" type="text/html" title="South Africa whistleblower complains of political persecution" /><published>2017-11-08T00:00:00+02:00</published><updated>2017-11-08T00:00:00+02:00</updated><id>https://pplaaf.org/2017/11/08/sa-whistleblower-persecution</id><content type="html" xml:base="https://pplaaf.org/2017/11/08/sa-whistleblower-persecution.html">&lt;!-- &lt;img class=&quot;img-responsive img-post center-block&quot; src=&quot;/img/posts/mckinsey-4.jpg&quot;&gt;  --&gt;

&lt;p&gt;Mosilo Mothepu, a former executive at Trillian Capital, a company that was owned by an associate of the powerful Gupta family until this year, confidentially told a state ombudsman last year that the firm had known in advance that President Jacob Zuma would sack Nhlanhla Nene as finance minister in 2015.&lt;/p&gt;

&lt;p&gt;Mr Nene’s abrupt replacement by a little-known backbencher triggered market turmoil until Mr Zuma reversed course within days and named veteran finance minister Pravin Gordhan to the Treasury.&lt;/p&gt;

&lt;p&gt;Ms Mothepu’s disclosures over the episode have been at the heart of allegations — strengthened by the firing of Mr Gordhan earlier this year — that the Guptas used a friendship with Mr Zuma to influence cabinet appointments and state contracts.&lt;/p&gt;

&lt;p&gt;Speaking for the first time publicly to the Financial Times before giving her testimony to a South African parliamentary inquiry on Tuesday, the former executive said that she was pushed to the brink of losing her home over legal bills and being frozen out of the job market after leaving Trillian.&lt;/p&gt;

&lt;p&gt;“It has cost my career, my reputation,” she said, adding: “I feared for my life.”&lt;/p&gt;

&lt;p&gt;Her plight will underline concerns that a culture of impunity has impeded investigation of so-called state capture in South Africa, including intimidation of companies reliant on government contracts and weak legal protection for whistleblowers.&lt;/p&gt;
&lt;blockquote&gt;
  &lt;p&gt;&lt;span class=&quot;post-blockquote&quot;&gt;
It has cost my career, my reputation. I feared for my life
&lt;br /&gt;
&lt;span class=&quot;post-blockquote-ref&quot;&gt;
Mosilo Mothepu, whistleblower and former Trillian Capital executive
&lt;/span&gt;
&lt;/span&gt;&lt;/p&gt;
&lt;/blockquote&gt;

&lt;p&gt;Despite the scandal entangling international companies including McKinsey and KPMG and prompting an FBI investigation into US links, no individual has been charged in South Africa over the evidence of high-level corruption.&lt;/p&gt;

&lt;p&gt;Mr Zuma and the Guptas deny all wrongdoing in the scandal, which has plunged his ruling African National Congress into its biggest post-apartheid political crisis.&lt;/p&gt;

&lt;p&gt;After a leak of her disclosure last year to Thuli Madonsela, then the public protector, Trillian described Ms Mothepu as a “disgruntled former employee who, therefore, cannot be a whistleblower in the legal sense of the word”. Trillian was until this year owned by Salim Essa, a business associate of the Guptas.&lt;/p&gt;

&lt;p&gt;The firm subsequently filed criminal charges against her with South African police that included alleged extortion, corruption, and theft of information.&lt;/p&gt;

&lt;p&gt;Ms Mothepu said the police officer investigating the charges told her that “given who these people are, and the political environment”, her case was being expedited for state prosecutors to review. She added that the legal limbo harmed her job prospects despite 15 years of experience in financing infrastructure projects.&lt;/p&gt;

&lt;p&gt;“Either I don’t even make it to the first round [of job interviews] because they see Trillian on my CV, or we have very uncomfortable, but frank and honest conversations about my criminal charges [and] how will that look for their own reputation,” she said.&lt;/p&gt;

&lt;p&gt;“The private sector tells me I’m a political risk and half their revenue comes from the government,” Ms Mothepu said. They say “if it hears that they’ve hired me they may lose those contracts”, she added.&lt;/p&gt;

&lt;p&gt;The Platform for the Protection of Whistleblowers in Africa, an international NGO, is assisting Ms Mothepu with legal costs and representation.&lt;/p&gt;

&lt;p&gt;&lt;br /&gt;
&lt;br /&gt;&lt;/p&gt;

&lt;hr /&gt;

&lt;h3 id=&quot;to-follow-pplaaf-follow-its-profiles&quot;&gt;To follow PPLAAF, follow its profiles:&lt;/h3&gt;
&lt;ul&gt;
  &lt;li&gt;Facebook: &lt;a href=&quot;https://www.facebook.com/PPLAAF/&quot;&gt;https://www.facebook.com/PPLAAF/&lt;/a&gt;&lt;/li&gt;
  &lt;li&gt;Twitter: &lt;a href=&quot;https://twitter.com/pplaaf&quot;&gt;@pplaaf&lt;/a&gt;&lt;/li&gt;
&lt;/ul&gt;

&lt;h3 id=&quot;for-further-information-please-contact&quot;&gt;For further information, please contact:&lt;/h3&gt;
&lt;ul&gt;
  &lt;li&gt;In Paris, William Bourdon (French, English): &lt;a href=&quot;mailto:w.bourdon@bourdon-associes.com&quot;&gt;w.bourdon@bourdon-associes.com&lt;/a&gt; or + 33 1 42 60 32 60&lt;/li&gt;
  &lt;li&gt;In Paris, Henri Thulliez (French, English): &lt;a href=&quot;mailto:henri.thulliez@gmail.com&quot;&gt;henri.thulliez@gmail.com&lt;/a&gt; or + 33 6 98 04 66 72&lt;/li&gt;
  &lt;li&gt;In Johannesburg, Khadija Sharife (English): &lt;a href=&quot;mailto:ksharife@gmail.com&quot;&gt;ksharife@gmail.com&lt;/a&gt; or + 27 (71) 688 62 76&lt;/li&gt;
&lt;/ul&gt;

&lt;hr /&gt;</content><author><name>Joseph Cotterill</name></author><summary type="html">Former executive to give ‘state capture’ evidence before parliamentary inquiry</summary><media:thumbnail xmlns:media="http://search.yahoo.com/mrss/" url="https://pplaaf.org/zuma1.jpg" /></entry><entry><title type="html">SAFTU Takes on Corruption - Press Release</title><link href="https://pplaaf.org/2017/10/19/saftu-pressrelease.html" rel="alternate" type="text/html" title="SAFTU Takes on Corruption - Press Release" /><published>2017-10-19T00:00:00+02:00</published><updated>2017-10-19T00:00:00+02:00</updated><id>https://pplaaf.org/2017/10/19/saftu-pressrelease</id><content type="html" xml:base="https://pplaaf.org/2017/10/19/saftu-pressrelease.html">&lt;!-- &lt;img class=&quot;img-responsive img-post center-block&quot; src=&quot;/img/posts/saftu.jpg&quot;&gt;  --&gt;
&lt;!-- &lt;br&gt; --&gt;

&lt;p&gt;Up until South Africa’s largest union federation, SAFTU, took on ‘state capture’ in the courts, the loudest legal voices raised against this nefarious phenomenon were from within the business community and middle-class NGOs.&lt;/p&gt;

&lt;p&gt;As valuable and brave as their activism is (we think here specifically of people like Magda Wierzycka and organisations like OUTA), their work was susceptible to the insidious critique that the anti-corruption fight was mainly a middle-class concern.&lt;/p&gt;

&lt;p&gt;&lt;img class=&quot;image-responsive img-right&quot; src=&quot;/img/posts/saftu2.jpg&quot; width=&quot;320px&quot; /&gt;SAFTU and its 700000 mainly black working class members have now very publicly joined the lawfare against corruption in South Africa. They have firmly placed prosecuting authorities on terms to take action against the Gupta family and others who are widely perceived to corruptly benefit from a close relationship with President Zuma.&lt;/p&gt;

&lt;p&gt;And this locates the costs of corruption at its true centre. The working class and the poor suffer the most. SAFTU’s leading role also deprives the race-baiters who make up President Zuma’s advance guard of supporters of a convenient alibi. This is that the accusations about corruption come from the rich and white communities.&lt;/p&gt;

&lt;p&gt;SAFTU also has the capacity to take their fight to places that other organisations do not: to the streets in large numbers, to workplaces and communities. In so doing, a united front is composed of many forces fighting against the corrosive effects of corruption and for the survival of South Africa’s hard won democracy.&lt;/p&gt;

&lt;p&gt;PPLAAF is proud to be a sponsor of this legal initiative, driven and controlled by SAFTU, but started and augmented by our own lawyers and researchers.&lt;/p&gt;

&lt;p&gt;Integral to the case brought by SAFTU are two whistleblowers PPLAAF has been privileged to support and fund. The SAFTU court case thus forms part of our modus at PPLAAF. We bring together whistleblower and social agents to bring about true change.&lt;/p&gt;

&lt;p&gt;For we believe that it is not enough to simply report corruption that whistleblowers bravely expose. We seek to aggressively litigate using the information they have risked their lives to unearth to demonstrate to others that whistleblowing can and does make a difference.&lt;/p&gt;

&lt;p&gt;&lt;br /&gt;
PPLAAF &lt;br /&gt;
October 19th 2017 &lt;br /&gt;
&lt;a href=&quot;mailto:info@pplaaf.org&quot;&gt;info@pplaaf.org&lt;/a&gt;&lt;/p&gt;

&lt;p&gt;&lt;br /&gt;&lt;/p&gt;

&lt;hr /&gt;

&lt;h3 id=&quot;to-follow-pplaaf-follow-its-profiles&quot;&gt;To follow PPLAAF, follow its profiles:&lt;/h3&gt;
&lt;ul&gt;
  &lt;li&gt;Facebook: &lt;a href=&quot;https://www.facebook.com/PPLAAF/&quot;&gt;https://www.facebook.com/PPLAAF/&lt;/a&gt;&lt;/li&gt;
  &lt;li&gt;Twitter: &lt;a href=&quot;https://twitter.com/pplaaf&quot;&gt;@pplaaf&lt;/a&gt;&lt;/li&gt;
&lt;/ul&gt;

&lt;h3 id=&quot;for-further-information-please-contact&quot;&gt;For further information, please contact:&lt;/h3&gt;
&lt;ul&gt;
  &lt;li&gt;In Paris, William Bourdon (French, English): &lt;a href=&quot;mailto:w.bourdon@bourdon-associes.com&quot;&gt;w.bourdon@bourdon-associes.com&lt;/a&gt; or + 33 1 42 60 32 60&lt;/li&gt;
  &lt;li&gt;In Johannesburg, Khadija Sharife (English): &lt;a href=&quot;mailto:ksharife@gmail.com&quot;&gt;ksharife@gmail.com&lt;/a&gt; or + 27 (71) 688 62 76&lt;/li&gt;
&lt;/ul&gt;

&lt;hr /&gt;</content><author><name>PPLAAF</name></author><category term="pressrelease" /><summary type="html">SAFTU and its 700000 mainly black working class members have now very publicly joined the lawfare against corruption in South Africa.</summary><media:thumbnail xmlns:media="http://search.yahoo.com/mrss/" url="https://pplaaf.org/pressrelease.png" /></entry><entry><title type="html">The McKinsey dossier part 4 – bending over backwards for Trillian</title><link href="https://pplaaf.org/2017/10/11/mckinsey-4.html" rel="alternate" type="text/html" title="The McKinsey dossier part 4 – bending over backwards for Trillian" /><published>2017-10-11T00:00:00+02:00</published><updated>2017-10-11T00:00:00+02:00</updated><id>https://pplaaf.org/2017/10/11/mckinsey-4</id><content type="html" xml:base="https://pplaaf.org/2017/10/11/mckinsey-4.html">&lt;!-- &lt;img class=&quot;img-responsive img-post center-block&quot; src=&quot;/img/posts/mckinsey-4.jpg&quot;&gt;  --&gt;

&lt;p&gt;&lt;br /&gt;
&lt;strong&gt;Eskom paid Trillian R595-million without a valid contract while lying to the public about doing so. This is well established by now. But how the Gupta-linked company was sneaked onto Eskom’s payment system – a system designed to prevent fraud – has always been a mystery. A series of interviews and leaked documents show that suspended chief financial officer Anoj Singh and his management team stand accused of bending over backwards to get Trillian their payday, sometimes bullying mid-level officials into fabricating documents.&lt;/strong&gt;&lt;/p&gt;

&lt;hr /&gt;

&lt;p&gt;On 19 July 2017 Anoj Singh shared the stage with acting Eskom chair Zethemba Khoza for the public release of Eskom’s annual financial statements.&lt;/p&gt;

&lt;p&gt;Singh watched him flounder in response to media questions.&lt;/p&gt;

&lt;p&gt;Khoza couldn’t explain who authorised direct payments to Trillian, how the company was sneaked onto the Eskom payment system and to whom Trillian was actually contracted; an astounding admission, seeing that Khoza was member of the Eskom board tender committee at the time the Trillian agreements and invoices were authorised.&lt;/p&gt;

&lt;p&gt;Khoza did however promise an investigation into Eskom’s “relationship” with Trillian.&lt;/p&gt;

&lt;p&gt;He need not have looked far for answers. Singh seems to have had them all.&lt;/p&gt;

&lt;p&gt;Singh and his senior management team – Edwin Mabelane, Prish Govender and Charles Kalima – have been identified as key players in the Trillian debacle, which has also ensnared global consulting firm McKinsey.&lt;/p&gt;

&lt;p&gt;This emerges from Eskom’s own report, the explosive G9 Forensic interim report, and also from &lt;a href=&quot;https://www.dailymaverick.co.za/article/2017-09-29-scorpio-exclusive-eskoms-10-damning-draft-charges-against-anoj-singh/&quot;&gt;10 draft charges&lt;/a&gt; in the disciplinary process against Singh.&lt;/p&gt;

&lt;p&gt;Singh was suspended on Friday 29 September and Eskom confirmed on Monday 2 October that Singh’s colleagues, Govender, Mabelane and Kalima, also face suspension.&lt;/p&gt;

&lt;p&gt;Draft charges against Singh detail how Singh, Mabelane and Govender allegedly acted together over a period of months in order to ensure Trillian’s payday.&lt;/p&gt;

&lt;p&gt;Singh, Mabelane, Govender and Kalima now face disciplinary charges for allegedly misleading the board tender committee, breaching their fiduciary duties, unauthorised and irregular expenditure and financial misconduct.&lt;/p&gt;

&lt;p&gt;G9 Forensic also recommended criminal investigations be launched.&lt;/p&gt;

&lt;p&gt;The report is stinging in its criticism of Singh, saying he has a “case to answer”.&lt;/p&gt;

&lt;p&gt;Singh and his team “did not apply their minds”, “were hasty, ignored the better judgement of the [internal Eskom] legal team” and, considering the risks Eskom found itself in, “did not act decisively in the best interests of Eskom”, G9 Forensic said in its interim findings.&lt;/p&gt;

&lt;p&gt;“Whether by design, circumstance or other nefarious reasons, these Eskom officials continued to do business and deliberately and consciously allowed Trillian to provide services which it had not been contracted to do,” they allege.&lt;/p&gt;

&lt;p&gt;Singh did not answer specific questions put to him, but said he had not been interviewed by G9 Forensic investigators, nor had he seen their interim report.&lt;/p&gt;

&lt;p&gt;Scorpio showed Singh excerpts of the report, to which he responded that he had “always acted in good faith, in accordance with my delegation of authority and in terms of Eskom’s various charters and policies… all of which are subject to stakeholders’ scrutiny…”&lt;/p&gt;

&lt;p&gt;He did not respond in detail, but said: “With respect to allegations levelled against me… I do not believe it serves anyone’s interests to respond to myopic, cherry-picked bits of information peddled to the media to serve narrow interests.&lt;/p&gt;

&lt;p&gt;“I think it’s important for everyone in SA that all allegations be tested in an appropriate platform and not in the court of public opinion.”&lt;/p&gt;

&lt;h2 id=&quot;how-to-dodge-a-payment-system&quot;&gt;How to dodge a payment system&lt;/h2&gt;

&lt;p&gt;The G9 Forensic investigation was triggered when a whistle-blower, most probably an Eskom official, reported the irregular payment of an invoice for R152.76-million submitted by Trillian in December 2016.&lt;/p&gt;

&lt;p&gt;Eskom’s rush to effect payment – within one day – was described by the whistle-blower as extraordinary and unprocedural.&lt;/p&gt;

&lt;p&gt;It was enough to prompt Eskom’s assurance and forensic department to commission a preliminary investigation. G9 Forensic came in – and uncovered a hornet’s nest.&lt;/p&gt;

&lt;p&gt;To understand why, we need to take a step back and look at Eskom’s payment system.&lt;/p&gt;

&lt;p&gt;In order for any company to get paid, designated Eskom officials have to create a contract and upload valid, signed documentation as motivation. The documentation includes board authorisations and a contract between Eskom and its service provider.&lt;/p&gt;

&lt;p&gt;All invoices served under a designated contract must be linked to a purchase order, issued by Eskom before any work is done. The purchase order describes the services required in terms of the contract.&lt;/p&gt;

&lt;p&gt;It needs to correspond with the invoice issued by the supplier, normally done after the service is concluded.&lt;/p&gt;

&lt;p&gt;The system and policy procedures will not allow Eskom to pay a service provider in the absence of a purchase order.&lt;/p&gt;

&lt;p&gt;The payment system is designed to keep track of work done and payments made under designated contracts – in effect, to curb fraud and corruption.&lt;/p&gt;

&lt;p&gt;In Trillian’s case, the payment system was breached in totality. At least four Eskom officials admitted to feeling pressurised or manipulated to circumvent policy procedures at the behest of their superiors in favour of Trillian, including by allegedly fabricating purchase orders.&lt;/p&gt;

&lt;p&gt;In each case, the key role players were Singh and his management team of Mabelane, Govender and Kalima.&lt;/p&gt;

&lt;p&gt;Neither Mabelane, Govender, Kalima nor Eskom commented on specific questions relating to the allegations.&lt;/p&gt;

&lt;p&gt;Here’s how it happened.&lt;/p&gt;

&lt;h2 id=&quot;the-buddy-in-the-big-fish-tank&quot;&gt;The buddy in the ‘big fish tank’&lt;/h2&gt;

&lt;p&gt;Three independent Eskom sources have claimed that Singh conveyed the message to his management team that Trillian should enjoy special treatment.&lt;/p&gt;

&lt;p&gt;The first hint, a well placed senior Eskom source said, was when, towards the end of 2015, Trillian boss Eric Wood started to frequent the “big fish tank” on the third floor that housed the executive suites at Eskom’s Megawatt Park building in Midrand.&lt;/p&gt;

&lt;p&gt;The “big fish tank” (as some Eskom insiders call it) is a glass structure that was erected in an already well-secured area after former Eskom CEO Brian Molefe arrived. It housed the offices of Molefe and Singh as well as those of their assistants.&lt;/p&gt;

&lt;p&gt;The second hint was when a manager was instructed to provide key information to Singh on a treasury file that “Wood’s team was suddenly working on”, according to an Eskom source directly acquainted with the matter.&lt;/p&gt;

&lt;p&gt;Said the source: “This is when we realised Wood was brought in through the back door to partner with McKinsey, without our knowledge.”&lt;/p&gt;

&lt;p&gt;Singh did not answer questions in this regard.&lt;/p&gt;

&lt;h2 id=&quot;the-first-invoice&quot;&gt;The first invoice&lt;/h2&gt;

&lt;p&gt;The head of Trillian’s management consulting division, Bianca Goodson, purportedly addressed a pleading letter to Singh dated 29 January 2016, asking Eskom to pay Trillian directly, rather than via their big consulting partner, McKinsey.&lt;/p&gt;

&lt;p&gt;In anticipation of Singh’s favourable response, Trillian attached an invoice for R30.7-million for its 30% share of payment for preparing the Eskom “corporate plan”, a smaller contract that McKinsey had been awarded in September 2015.&lt;/p&gt;

&lt;p&gt;Trillian’s R30.7-million invoice seems to have bounced around Eskom for a while.&lt;/p&gt;

&lt;p&gt;In the meantime, McKinsey concluded its due diligence on Trillian and on 30 March 2016 informed Singh that the relationship would be terminated following a decision by McKinsey’s global risk committee.&lt;/p&gt;

&lt;p&gt;The absence of a contract between Eskom and Trillian, and with McKinsey pulling out of the deal, meant Trillian should have been out in the cold.&lt;/p&gt;

&lt;p&gt;Except it was not. Instead, Trillian was lining up its first payday.&lt;/p&gt;

&lt;p&gt;On 14 April, two weeks after McKinsey’s letter to Singh, Trillian’s R30.7-million invoice again landed in Singh’s inbox, according to an &lt;a href=&quot;http://amabhungane.co.za/article/2017-06-30-mckinsey-caught-up-in-trillian-lies&quot;&gt;earlier report on Trillian&lt;/a&gt; by Advocate Geoff Budlender.&lt;/p&gt;

&lt;p&gt;Mabelane and Govender authorised payment in record time and on the same day the invoice was stamped as “paid”.&lt;/p&gt;

&lt;p&gt;The draft charge sheet compiled in Singh’s disciplinary procedure was, again, withering about the incident: “… You directly received an invoice from Trillian for work done for your office… which you subsequently allowed to be paid by persons under your direct management control… notwithstanding the fact that there was no contractual relationship between Eskom and Trillian… This caused direct loss to Eskom and amounted to unauthorised expenditure and fruitless and wasteful expenditure and your role amounts to financial misconduct.”&lt;/p&gt;

&lt;h2 id=&quot;one-last-fling&quot;&gt;One last fling&lt;/h2&gt;

&lt;p&gt;By December 2016, the “contract finalisation process” between McKinsey and Eskom had already been terminated.&lt;/p&gt;

&lt;p&gt;The board tender committee, of which chairman Khoza was a member, authorised Singh, Mabelane and Govender to reach a settlement with McKinsey. At this stage Eskom had already paid McKinsey and Trillian R800-million as an “interim settlement”.&lt;/p&gt;

&lt;p&gt;The early termination of the McKinsey contract was a direct result of questions from Treasury.&lt;/p&gt;

&lt;p&gt;But on 13 December 2016 project leader Prish Govender and chief procurement officer Edwin Mabelane motivated another payment of R134-million to “the BBBEE partner”. This was Trillian, although McKinsey had explicitly disavowed Trillian in March.&lt;/p&gt;

&lt;p&gt;Nevertheless, the Eskom board tender committee at the time irregularly agreed to Govender and Mabelane’s request, according to an Eskom report to public enterprises minister Lynne Brown.&lt;/p&gt;

&lt;p&gt;On that same day Mabelane informed Trillian in a letter that a “contract review” somehow illuminated another R134-million that “is due to yourself”.&lt;/p&gt;

&lt;p&gt;On cue, Trillian fired off an invoice for R152.76-million, after adding VAT.&lt;/p&gt;

&lt;p&gt;The description of the services rendered were incredibly vague and listed as “procurement”, “primary energy”, “claims” and “generation”. This was the fourth invoice Trillian sent directly to Eskom.&lt;/p&gt;

&lt;p&gt;But Govender and Mabelane had a problem. Trillian wasn’t contracted to Eskom, &lt;a href=&quot;http://amabhungane.co.za/article/2017-10-03-guptleaks-the-mckinsey-dossier-part-2&quot;&gt;nor to McKinsey&lt;/a&gt;.&lt;/p&gt;

&lt;p&gt;There was no valid contract loaded onto Eskom’s payment system and Trillian hadn’t been furnished with a purchase order.&lt;/p&gt;

&lt;p&gt;The conundrum: Eskom had an invoice from Trillian without a single supporting document to make a legal payment.&lt;/p&gt;

&lt;p&gt;The absence of proper documents should have been a huge red flag.&lt;/p&gt;

&lt;p&gt;Instead, Mabelane instructed acting general manager Masedi Skosana to fabricate a purchase order for the December 13 invoice.&lt;/p&gt;

&lt;h2 id=&quot;not-the-first-time&quot;&gt;Not the first time&lt;/h2&gt;

&lt;p&gt;It wasn’t the first time. Skosana admitted to G9 Forensic to have been involved in the fabrication of another two purchase orders in August 2016.&lt;/p&gt;

&lt;p&gt;Records show that Trillian sent these invoices, both dated 10 August, to Govender two days after the board authorised the payments. The invoices for R122.2-million and R113.2-million respectively were signed for payment by Govender and Mabelane.&lt;/p&gt;

&lt;p&gt;Skosana said she came “under intense pressure from Mr Edwin Mabelane” and therefore instructed her direct reports to fabricate the purchase orders despite their protestations.&lt;/p&gt;

&lt;p&gt;“I realised at the time that the creation of the purchase order was irregular and against policies and procedures,” Skosana is quoted by G9 Forensic as saying.&lt;/p&gt;

&lt;p&gt;“It concerned me and afterwards I contacted Mr Govender as the Project Leader, in an effort to obtain further supporting documentation. He said it was a procurement matter and I should not be concerned… I also discussed it on more than one occasion with Mr Mabelane and aired my concerns. He said we have all the documentation and the transaction is above board.”&lt;/p&gt;

&lt;p&gt;Four months later Mabelane came knocking on Skosana’s door again with the 13 December invoice in hand, but this time she sent him packing.&lt;/p&gt;

&lt;p&gt;“This time I refused to do it… In hindsight, I wish I acted bolder on that day in August and refused to create the purchase order.”&lt;/p&gt;

&lt;h2 id=&quot;a-brief-setback&quot;&gt;A brief setback&lt;/h2&gt;

&lt;p&gt;But Skosana’s refusal regarding the 13 December invoice seems to have been only a brief setback.&lt;/p&gt;

&lt;p&gt;Eskom senior adviser Nokwanda Gambushe told G9 Forensic in a sworn affidavit that she too was instructed to pave the way to Trillian’s payday. She complied knowing that the request “was not consistent with procedure”, G9 Forensic notes.&lt;/p&gt;

&lt;p&gt;“…On 19 December 2016 [acting commercial manager] Mr Charles Kalima approached me and requested to create a contract… Mr Kalima told me the supplier is Trillian and gave me the term(s) of the contract. I did not receive a contract document, but was given the approved board minutes and a submission…,” Gambushe said.&lt;/p&gt;

&lt;p&gt;Trillian’s R152.76-million invoice was paid on 20 December, a day after Gambushe created the questionable contract on Eskom’s payment system.&lt;/p&gt;

&lt;p&gt;G9 Forensic concluded that “Trillian became the illegitimate beneficiary of funds on the back of the [turnaround project] which McKinsey was supposedly contracted to undertake.&lt;/p&gt;

&lt;p&gt;“It is our considered opinion that, irrespective of whether Trillian provided the services or not, Mr Anoj Singh was in direct contravention of several fundamental tenets of the Eskom procurement policy”.&lt;/p&gt;

&lt;p&gt;Now, belatedly, Eskom is claiming its money back. Trillian, however, maintains it received only fair payment for work done.&lt;/p&gt;

&lt;p&gt;Time will tell.
&lt;br /&gt;
&lt;br /&gt;&lt;/p&gt;

&lt;hr /&gt;

&lt;h3 id=&quot;to-follow-pplaaf-follow-its-profiles&quot;&gt;To follow PPLAAF, follow its profiles:&lt;/h3&gt;
&lt;ul&gt;
  &lt;li&gt;Facebook: &lt;a href=&quot;https://www.facebook.com/PPLAAF/&quot;&gt;https://www.facebook.com/PPLAAF/&lt;/a&gt;&lt;/li&gt;
  &lt;li&gt;Twitter: &lt;a href=&quot;https://twitter.com/pplaaf&quot;&gt;@pplaaf&lt;/a&gt;&lt;/li&gt;
&lt;/ul&gt;

&lt;h3 id=&quot;for-further-information-please-contact&quot;&gt;For further information, please contact:&lt;/h3&gt;
&lt;ul&gt;
  &lt;li&gt;In Paris, William Bourdon (French, English): &lt;a href=&quot;mailto:w.bourdon@bourdon-associes.com&quot;&gt;w.bourdon@bourdon-associes.com&lt;/a&gt; or + 33 1 42 60 32 60&lt;/li&gt;
  &lt;li&gt;In Paris, Henri Thulliez (French, English): &lt;a href=&quot;mailto:henri.thulliez@gmail.com&quot;&gt;henri.thulliez@gmail.com&lt;/a&gt; or + 33 6 98 04 66 72&lt;/li&gt;
  &lt;li&gt;In Johannesburg, Khadija Sharife (English): &lt;a href=&quot;mailto:ksharife@gmail.com&quot;&gt;ksharife@gmail.com&lt;/a&gt; or + 27 (71) 688 62 76&lt;/li&gt;
&lt;/ul&gt;

&lt;hr /&gt;</content><author><name>Pauli van Wyk and Susan Comrie</name></author><category term="featured" /><summary type="html">A series of interviews and leaked documents show that senior Eskom officials did everything they could to ensure the Gupta-linked Trillian got paid.</summary><media:thumbnail xmlns:media="http://search.yahoo.com/mrss/" url="https://pplaaf.org/mckinsey-4.jpg" /></entry><entry><title type="html">Des journalistes-citoyens formés en cybersécurité par les Africtivistes et PPLAAF</title><link href="https://pplaaf.org/fr/2017/10/09/cybersecurite-formation.html" rel="alternate" type="text/html" title="Des journalistes-citoyens formés en cybersécurité par les Africtivistes et PPLAAF" /><published>2017-10-09T00:00:00+02:00</published><updated>2017-10-09T00:00:00+02:00</updated><id>https://pplaaf.org/fr/2017/10/09/cybersecurite-formation</id><content type="html" xml:base="https://pplaaf.org/fr/2017/10/09/cybersecurite-formation.html">&lt;!-- &lt;img class=&quot;img-responsive img-post center-block&quot; src=&quot;/img/posts/cyber-journ.jpg&quot;&gt; --&gt;

&lt;p&gt;(Dakar, le 10 octobre 2017) - En partenariat avec la Plateforme de protection des lanceurs d’alerte en Afrique (&lt;a href=&quot;https://pplaaf.org/fr/&quot;&gt;PPLAAF&lt;/a&gt;), &lt;a href=&quot;http://www.africtivistes.org/&quot;&gt;Africtivistes&lt;/a&gt; a formé 30 journalistes, blogueurs et activistes mauritaniens à Nouakchott du 23 au 25 septembre 2017. En juillet, un séminaire similaire s’était tenu à Conakry. Cette formation s’inscrit dans le cadre du programme « Afrique Médias Cybersécurité » (AMC).&lt;/p&gt;

&lt;p&gt;En Mauritanie, la presse est souvent dans le collimateur du pouvoir. Entre arrestation, emprisonnement et intimidation, les journalistes mauritaniens exercent leur métier dans la peur et le contrôle permanent. Aujourd’hui, les plateformes de réseaux sociaux, seuls outils de prise de parole démocratique, sont considérées comme une véritable menace par le régime au pouvoir.&lt;/p&gt;

&lt;p&gt;&lt;em&gt;« Ce programme de formation en sécurité internet est destiné aux journalistes professionnels et aux acteurs des médias de la société civile de 10 pays d’Afrique de l’Ouest. Il vise à renforcer les capacités de 500 journalistes, blogueurs et activistes en matière de protection des sources et des données échangées », a déclaré &lt;a href=&quot;https://twitter.com/cypher007?lang=fr&quot;&gt;Cheikh Fall&lt;/a&gt;, coordinateur des Africtivistes. « Les menaces pour les journalistes-citoyens sont nombreuse et multiples et passent notamment par les vulnérabilités dans leurs systèmes d’information. Il est urgent de les outiller pour qu’ils se protègent »&lt;/em&gt;.&lt;/p&gt;

&lt;p&gt;Africtivistes est un réseau d’une centaine d’activistes du continent agissant pour le renforcement de la démocratie, la bonne gouvernance et les droits humains via les réseaux sociaux.&lt;/p&gt;

&lt;p&gt;La Plateforme de protection des lanceurs d’alerte en Afrique (PPLAAF) est une nouvelle ONG visant à protéger les lanceurs d’alerte en Afrique en leur fournissant une assistance technique, juridique et médiatique. PPLAAF permet, grâce à une ligne cryptée et une hotline, à tous les citoyens, de &lt;a href=&quot;https://pplaaf.org/fr/send-us-info.html&quot;&gt;communiquer&lt;/a&gt; de façon sécurisée des informations ou des dossiers, témoignant d’une grave atteinte à l’intérêt général.&lt;/p&gt;

&lt;p&gt;&lt;em&gt;« Nous en appelons à tous les citoyens africains, s’ils le peuvent et le veulent, pour favoriser le respect de l’intérêt général dans leur pays, dans toutes ses dimensions, d’être attentifs à utiliser ce nouvel instrument à la disposition de tous », a déclaré Charles Sanches, coordinateur de PPLAAF. « Nous les assurons de toute notre disponibilité et de notre écoute la plus bienveillante et attentive possible pour les accompagner dans toutes les démarches qu’ils souhaiteraient entreprendre. »&lt;/em&gt;&lt;/p&gt;

&lt;p&gt;PPLAAF s’appuie sur les données transmises par les lanceurs d’alerte pour approfondir les enquêtes et ainsi retracer des flux financiers illégaux. PPLAAF, travaille également à améliorer l’environnement juridique par la promotion de lois de protection des lanceurs d’alerte et par des formations de renforcement des capacités sur le lancement d’alerte. Selon PPLAAF, le lancement d’alerte est un terme utilisé quand un citoyen ou un employé rend public des actes dissimulés de corruption, d’injustice, d’abus de pouvoir ou de menaces à l’intérêt général.&lt;/p&gt;

&lt;p&gt;Le programme « Afrique Média Cybersécurité », qui s’est déjà déroulé à Nouakchott, Conakry et continuera dans d’autres capitales africaines.&lt;/p&gt;

&lt;p&gt;&lt;br /&gt;
&lt;br /&gt;&lt;/p&gt;

&lt;hr /&gt;

&lt;h3 id=&quot;contact-presse-&quot;&gt;Contact presse :&lt;/h3&gt;
&lt;ul&gt;
  &lt;li&gt;À Dakar, Charles Sanches pour PPLAAF (français) : &lt;a href=&quot;mailto:charles.sanches@me.com&quot;&gt;charles.sanches@me.com&lt;/a&gt; ou +221 77 118 28 54. Suivez-le sur Twitter : &lt;a href=&quot;https://twitter.com/carlitolwanda?lang=fr&quot;&gt;@carlitolwanda&lt;/a&gt;&lt;/li&gt;
  &lt;li&gt;À Dakar, Cheikh Fall pour Africtivistes (français) : &lt;a href=&quot;mailto:cheikhfall7@gmail.com&quot;&gt;cheikhfall7@gmail.com&lt;/a&gt; +221 77 550 04 69. Suivez-le sur Twitter : &lt;a href=&quot;https://twitter.com/cypher007?lang=fr&quot;&gt;@cypher007&lt;/a&gt;&lt;/li&gt;
&lt;/ul&gt;

&lt;h3 id=&quot;pour-lancer-une-alerte-suivez-les-recommandations-sur-cette-page-&quot;&gt;Pour lancer une alerte, suivez les recommandations sur cette page :&lt;/h3&gt;
&lt;p&gt;&lt;a href=&quot;https://pplaaf.org/fr/send-us-info.html&quot;&gt;https://pplaaf.org/fr/send-us-info.html&lt;/a&gt;&lt;/p&gt;

&lt;h3 id=&quot;pour-plus-dinformations-sur-pplaaf-visitez-les-pages-&quot;&gt;Pour plus d’informations sur PPLAAF, visitez les pages :&lt;/h3&gt;
&lt;ul&gt;
  &lt;li&gt;&lt;a href=&quot;https://pplaaf.org/&quot;&gt;https://pplaaf.org/&lt;/a&gt;&lt;/li&gt;
  &lt;li&gt;Facebook: &lt;a href=&quot;https://fr-fr.facebook.com/PPLAAF/&quot;&gt;https://fr-fr.facebook.com/PPLAAF/&lt;/a&gt;&lt;/li&gt;
  &lt;li&gt;Twitter: &lt;a href=&quot;https://twitter.com/pplaaf&quot;&gt;@pplaaf&lt;/a&gt;&lt;/li&gt;
&lt;/ul&gt;

&lt;h3 id=&quot;pour-plus-dinformations-sur-les-africtivistes-visitez-les-pages-&quot;&gt;Pour plus d’informations sur les Africtivistes, visitez les pages :&lt;/h3&gt;
&lt;ul&gt;
  &lt;li&gt;&lt;a href=&quot;http://africtivistes.org/&quot;&gt;http://africtivistes.org/&lt;/a&gt;&lt;/li&gt;
  &lt;li&gt;Twitter : &lt;a href=&quot;https://twitter.com/AFRICTIVISTES?lang=fr&quot;&gt;@AFRICTIVISTES&lt;/a&gt;&lt;/li&gt;
&lt;/ul&gt;

&lt;hr /&gt;</content><author><name>PPLAAF</name></author><category term="fr" /><category term="featured" /><summary type="html">Après Conakry, Nouakchott et Dakar, des formations auront lieu dans d’autres capitales africaines</summary><media:thumbnail xmlns:media="http://search.yahoo.com/mrss/" url="https://pplaaf.org/cyber-journ.jpg" /></entry><entry><title type="html">Charges to be laid against Trillian and others – SAFTU</title><link href="https://pplaaf.org/2017/10/08/saftu-charges-trillian.html" rel="alternate" type="text/html" title="Charges to be laid against Trillian and others – SAFTU" /><published>2017-10-08T00:00:00+02:00</published><updated>2017-10-08T00:00:00+02:00</updated><id>https://pplaaf.org/2017/10/08/saftu-charges-trillian</id><content type="html" xml:base="https://pplaaf.org/2017/10/08/saftu-charges-trillian.html">&lt;p&gt;&lt;img class=&quot;img-responsive img-post center-block&quot; src=&quot;/img/posts/saftu.jpg&quot; /&gt;&lt;/p&gt;

&lt;p&gt;&lt;br /&gt;
When the South African Federation of Trade Unions (SAFTU) was launched in April this year we promised that South Africa would never be the same again. We were determined that the labour and political scene would change for the better and resolved that political campaigns would be taken up by our new, independent, militant and revolutionary trade union federation.&lt;/p&gt;

&lt;p&gt;In the light of this commitment we are taking up the fight, together with civil society, against corruption and the looting of the country’s wealth. That is why we have called this press conference today.&lt;/p&gt;

&lt;p&gt;The evidence in the public domain establishes clear and compelling evidence of criminal wrongdoing on the part of Trillian and its directors. The SAPS and the DPCI have a duty to investigate these crimes in the interest of the South African public, and must do so diligently and without delay. We urge the authorities to act expeditiously. A failure to do so would constitute a grave injustice to the people of South Africa.&lt;/p&gt;

&lt;p&gt;Much of this evidence has been in the public domain for several months. It includes the Public Protector’s ”State of Capture Report”, Advocate Budlender SC’s report commissioned at the request of Mr Sexwale, the Chairperson of Trillian, the “Guptaleaks”, which have been reported on widely in the press and the Organisation Undoing Tax Abuse report titled “No room to hide: a President caught in the act”.&lt;/p&gt;

&lt;p&gt;In particular, the former CEO of Trillian, Ms Bianca Goodson, has published a sworn statement on the website of the Platform for the Protection of Whistleblowers in Africa (PPLAAF), which, with its supporting documents, provide evidence that Trillian and its executive directors committed fraud in its dealings with Eskom.&lt;/p&gt;

&lt;p&gt;SAFTU is aware that several criminal charges have already been laid against Trillian and persons implicated in their dealings with Eskom and other SoEs, but SAFTU itself is now laying further charges against Trillian and its directors for criminal wrongdoing in its dealings with Eskom and Transnet, including committing acts of fraud, theft, corruption and money-laundering.&lt;/p&gt;

&lt;p&gt;The charges also relate to the dubious and highly suspicious circumstances surrounding President Zuma’s firing of Minister Nene and his appointment of Minister Van Rooyen on 9 December 2015 which is detailed in the OUTA Report.&lt;/p&gt;

&lt;p&gt;SAFTU is also demanding the same legal action on serious allegations, supported by evidence in the public domain, of alleged fraud, theft, money-laundering and corruption by Trillian and its directors, in Trillian’s dealings with Transnet.&lt;/p&gt;

&lt;p&gt;SAFTU has decided - in the absence of any significant move so far by the Hawks, DPCI or the NPA - to lay criminal charges itself to enforce the rule of law, and to ensure that Trillian and those with whom they colluded in Eskom and Transnet are brought before a court to answer all the charges, which have been fully documented in an affidavit which we have submitted to the SAPS.&lt;/p&gt;

&lt;p&gt;SAFTU is willing, able and prepared to approach a court to compel the South African Police Service (SAPS), the Directorate of Priority Crimes Investigation (DPCI) and the NDPP to investigate and prosecute Trillian, its subsidiary and associated companies, its individual directors at the relevant time and any other implicated persons, for crimes of fraud, theft, corruption and money-laundering relating to Trillian’s dealings with Eskom and Transnet .&lt;/p&gt;

&lt;p&gt;In addition to considering instituting legal action, we intend mobilizing the masses of our members in support of a simple demand: State agencies must do what they are supposed to do without fear or favour. We shall no longer tolerate those who are corrupt and those who cover for them.&lt;/p&gt;

&lt;p&gt;We call upon the SAPS, DPCI and the NDPP to act swiftly.&lt;/p&gt;

&lt;p&gt;&lt;em&gt;Issued by Patrick Craven, SAFTU acting spokesperson, 5 October 2017&lt;/em&gt;&lt;/p&gt;

&lt;p&gt;&lt;br /&gt;
&lt;br /&gt;&lt;/p&gt;

&lt;hr /&gt;

&lt;h3 id=&quot;to-follow-pplaaf-follow-its-profiles&quot;&gt;To follow PPLAAF, follow its profiles:&lt;/h3&gt;
&lt;ul&gt;
  &lt;li&gt;Facebook: &lt;a href=&quot;https://www.facebook.com/PPLAAF/&quot;&gt;https://www.facebook.com/PPLAAF/&lt;/a&gt;&lt;/li&gt;
  &lt;li&gt;Twitter: &lt;a href=&quot;https://twitter.com/pplaaf&quot;&gt;@pplaaf&lt;/a&gt;&lt;/li&gt;
&lt;/ul&gt;

&lt;h3 id=&quot;for-further-information-please-contact&quot;&gt;For further information, please contact:&lt;/h3&gt;
&lt;ul&gt;
  &lt;li&gt;In Paris, William Bourdon (French, English): &lt;a href=&quot;mailto:w.bourdon@bourdon-associes.com&quot;&gt;w.bourdon@bourdon-associes.com&lt;/a&gt; or + 33 1 42 60 32 60&lt;/li&gt;
  &lt;li&gt;In Paris, Henri Thulliez (French, English): &lt;a href=&quot;mailto:henri.thulliez@gmail.com&quot;&gt;henri.thulliez@gmail.com&lt;/a&gt; or + 33 6 98 04 66 72&lt;/li&gt;
  &lt;li&gt;In Johannesburg, Khadija Sharife (English): &lt;a href=&quot;mailto:ksharife@gmail.com&quot;&gt;ksharife@gmail.com&lt;/a&gt; or + 27 (71) 688 62 76&lt;/li&gt;
&lt;/ul&gt;

&lt;hr /&gt;</content><author><name></name></author><summary type="html">Why SAFTU has laid fraud, theft, corruption and money laundering charges against Trillian and others</summary><media:thumbnail xmlns:media="http://search.yahoo.com/mrss/" url="https://pplaaf.org/saftu.jpg" /></entry><entry><title type="html">The McKinsey dossier part 3 – Eskom tells McKinsey and Trillian to pay back the money</title><link href="https://pplaaf.org/2017/10/08/mckinsey-3.html" rel="alternate" type="text/html" title="The McKinsey dossier part 3 – Eskom tells McKinsey and Trillian to pay back the money" /><published>2017-10-08T00:00:00+02:00</published><updated>2017-10-08T00:00:00+02:00</updated><id>https://pplaaf.org/2017/10/08/mckinsey-3</id><content type="html" xml:base="https://pplaaf.org/2017/10/08/mckinsey-3.html">&lt;p&gt;&lt;img class=&quot;img-responsive img-post center-block&quot; src=&quot;/img/posts/mckinsey-3.jpg&quot; /&gt;&lt;/p&gt;

&lt;p&gt;&lt;br /&gt;
Pressure on global consulting giant McKinsey has reached breaking point after Eskom moved to reclaim R1.6-billion in consulting fees paid as part of the controversial turnaround project.&lt;/p&gt;

&lt;p&gt;On Thursday night Eskom released a statement saying that it “sought McKinsey and Trillian’s co-operation” to have the R1-billion paid to McKinsey and the R564-million paid to Gupta-linked Trillian returned as it “appears to have been unlawfully paid out”.&lt;/p&gt;

&lt;p&gt;Eskom added that it would do “everything we can as Eskom to claw back all the fees which were unlawfully paid”.&lt;/p&gt;

&lt;p&gt;When McKinsey was previously asked about whether it would consider repaying some or all of the fees it received, McKinsey said: “We are proud of our work at Eskom and stand fully behind the impact and value we delivered and do not believe there is an appropriate basis to reclaim all or any part of the monies.”&lt;/p&gt;

&lt;p&gt;Following Eskom’s announcement on Thursday, however, McKinsey said:&lt;/p&gt;

&lt;p&gt;“We were happy Eskom met with us yesterday, at our request, to share some of the findings from its investigations. McKinsey takes its commitment to Eskom, South Africa and BBBEE seriously. We are encouraged that Eskom is willing to cooperate with us in an independent process to ensure the Turnaround Programme arrangements were lawful.”&lt;/p&gt;

&lt;h2 id=&quot;mckinseys-coup&quot;&gt;McKinsey’s coup&lt;/h2&gt;

&lt;p&gt;The Eskom turnaround project – a three-year, multibillion rand consulting contract – was a major coup for global giant McKinsey and Trillian, the consulting firm then-owned by Gupta lieutenant Salim Essa.&lt;/p&gt;

&lt;p&gt;Finalised in January 2016, the contract would potentially see up to 100 consultants from McKinsey and Trillian being brought in to Eskom to identify cost-cutting and revenue-generating projects that would help to turn around the crisis-hit power utility.&lt;/p&gt;

&lt;p&gt;Roughly 10% of any “savings” the consultants made would be theirs to keep.&lt;/p&gt;

&lt;p&gt;For months Eskom’s own legal advisers had warned senior Eskom executives not to sign the contract with McKinsey on the basis that the deal was heavily weighted in the foreign company’s favour and that the proposed “100% at risk” revenue model was possibly illegal. (&lt;a href=&quot;https://www.dailymaverick.co.za/article/2017-09-14-scorpio-amabhungane-how-mckinsey-and-trillian-ripped-r1.6bn-from-eskom-and-planned-to-take-r7.8bn-more/#.WdaCsxNL-t8&quot;&gt;see Part 1&lt;/a&gt;)&lt;/p&gt;

&lt;p&gt;Eskom ignored the warnings and signed the contract anyway.&lt;/p&gt;

&lt;p&gt;However, just six months into the three-year contract Eskom had a change of heart, cancelling the contract it had fought so hard to sign.&lt;/p&gt;

&lt;p&gt;A confidential report commissioned by Eskom has since found that Eskom’s flirtation with McKinsey and Trillian left the power utility “open to excessive economic exposure” and potentially facing claims of up to R2.8-billion for just six months’ work.&lt;/p&gt;

&lt;p&gt;When the contract was cancelled in June 2016, Eskom executives told the board that the consultants would need to be “compensated for work carried out to date”. The settlement proposed by Eskom’s chief financial officer Anoj Singh was a combined R1.8-billion for McKinsey and Trillian.&lt;/p&gt;

&lt;p&gt;In November 2016, Oliver Wyman – a competitor of McKinsey –  was hired to help Eskom determine whether the proposed R1.8-billion settlement was in line with industry standards for the work performed.&lt;/p&gt;

&lt;p&gt;Publicly Eskom had promised that “if no benefits were derived for Eskom no payment would be made” on the McKinsey contract. But behind the boardroom doors of Megawatt Park, payments totalling R915.5-million had already been approved and hastily paid to both McKinsey and Trillian.&lt;/p&gt;

&lt;p&gt;Oliver Wyman’s brief was to determine whether Eskom should cough up the remaining R884.5-million to compensate the two consulting firms.&lt;/p&gt;

&lt;h2 id=&quot;fees-for-theoretical-value&quot;&gt;Fees for ‘theoretical value’&lt;/h2&gt;

&lt;p&gt;The verdict, delivered to Eskom on 15 December 2016, should have floored anyone who read it.&lt;/p&gt;

&lt;p&gt;The 28-page Oliver Wyman report – a copy of which we have seen – concluded that of the potential R2.8-billion in claims, almost all of it (R2.5-billion) flowed from projects that had not yet been implemented and savings that were still largely theoretical.&lt;/p&gt;

&lt;p&gt;In addition, because Eskom had failed to cap the fees the consultants could earn, it could end up paying for “theoretical value instead of true bottom line impact”, or even “suffering a cash flow issue because of incentives for future impacts being billed upfront”, Oliver Wyman warned.&lt;/p&gt;

&lt;p&gt;Of the R915.5-million already paid in August 2016, big ticket items included:&lt;/p&gt;
&lt;ul&gt;
  &lt;li&gt;R234.8-million claimed by the consultants for improvements to Majuba power plant’s generating capacity;&lt;/li&gt;
  &lt;li&gt;R197.4-million for renegotiating claims related to the construction of Medupi and Kusile power plants, and&lt;/li&gt;
  &lt;li&gt;R74.3-million for renegotiating coal contracts.&lt;/li&gt;
&lt;/ul&gt;

&lt;p&gt;Crucially, the Oliver Wyman review notes that many of these projects were still just proposals; contracts and settlements were yet to be signed in many cases, and it might take years for Eskom to realise any of the benefits that McKinsey and Trillian were claiming.&lt;/p&gt;

&lt;p&gt;McKinsey responded to our three pages of detailed questions about the findings of the Oliver Wyman report by saying: “We have never been told there was any dispute over the impact we delivered or the payments issued to McKinsey. Our understanding is that the Oliver Wyman audit showed that the impact-based payments McKinsey ultimately received were consistent with the impact McKinsey delivered on the Turnaround Programme and in-line with our contract with Eskom.”&lt;/p&gt;

&lt;p&gt;Trillian was also sent detailed questions about Oliver Wyman’s findings. A spokesperson responded: “Trillian was not involved in the commercial negotiations between McKinsey and Eskom… It was McKinsey that negotiated the commercial terms of these two projects with Eskom. In turn Trillian was allocated a portion of the work [30 percent] as McKinsey’s [supplier development] partner for these projects.”&lt;/p&gt;

&lt;h2 id=&quot;the-self-funding-myth&quot;&gt;The ‘self-funding’ myth&lt;/h2&gt;

&lt;p&gt;When Eskom’s board tender committee signed off on the turnaround project in October 2015, it was told that “the contract will be based on the R0.00 and self-funding principle”.&lt;/p&gt;

&lt;p&gt;In other words, Eskom was told the contract would not cost a cent, but the consultants, operating “at risk”, would only receive a commission after the client realised a measurable saving or benefit.&lt;/p&gt;

&lt;p&gt;&lt;em&gt;To use a practical example: imagine you spend R2,000/month on petrol driving your car to work. One day you are approached by McKinky’s Car Consultants telling you that they can save you R500/month on your fuel bill if you sign up for their app that will optimise your route to work. You don’t have to pay for the app upfront but are required to pay McKinky’s R200/month out of the promised R500/month savings you will make…&lt;/em&gt;&lt;/p&gt;

&lt;p&gt;Instead the Oliver Wyman report and internal McKinsey documents show that Eskom had blithely agreed that McKinsey would receive 60% of its fee, not when savings reflected in Eskom’s bank account, but rather when Eskom’s steering committee, led by chief financial officer Anoj Singh, signed off that the proposed turnaround strategy was ready to be implemented.&lt;/p&gt;

&lt;p&gt;&lt;em&gt;This would be like McKinky’s Car Consultants asking for R4,320 as soon as you downloaded the app. Except it then gets worse: a few months later you get retrenched. You tell McKinky’s you would like to cancel your subscription to the app but instead McKinky’s points you to the fine print which states that whether you drive your car or whether it sits in your garage you’re on the hook for R200/month for the next three years.&lt;/em&gt;&lt;/p&gt;

&lt;p&gt;Similarly, by cancelling the contract after just six months, Eskom had invoked the punitive cancellation clause of the contract, meaning McKinsey could now claim between 55% and 70% of its fees on projects that had not even reached the implementation phase – fees that would be calculated on predicted savings, rather than tangible, measurable results.&lt;/p&gt;

&lt;p&gt;“In the event of an external event that prevents Eskom from realising the benefit of an initiative (e.g. a flood or fire at a project site), the existing [contract] leaves Eskom entirely exposed to the potential payment,” Oliver Wyman warned.&lt;/p&gt;

&lt;p&gt;Included in the astronomical figure of R2.8-billion (the full cancellation bill) was more than R1-billion for projects that Eskom had not even approved but which Eskom could be held liable for in terms of the cancellation clauses of the contract.&lt;/p&gt;

&lt;p&gt;Oliver Wyman advised Eskom not to pay a cent of this R1-billion.&lt;/p&gt;

&lt;h2 id=&quot;the-problem-with-load-shedding&quot;&gt;The problem with load shedding&lt;/h2&gt;

&lt;p&gt;When questions were first asked about McKinsey’s fees in July 2016, McKinsey’s global office release a statement saying that its fees “were directly linked to our impact in improving Eskom’s performance” and that McKinsey assisted Eskom “to stabilise its finances and reduce ‘load shedding’ (electricity blackouts) which have contributed to a significant improvement in the company’s performance.”&lt;/p&gt;

&lt;p&gt;Similarly, in written responses McKinsey claimed that part of the work it performed was “efforts to decrease load shedding”.&lt;/p&gt;

&lt;p&gt;When Eskom first started exploring the turnaround programme with McKinsey in mid-2015, load shedding was a major concern and Eskom desperately needed to find 3,000 MW of extra capacity on the grid to prevent the country from further blackouts.&lt;/p&gt;

&lt;p&gt;However, Eskom has publicly said that the country has not experienced load shedding since August 2015 – long before McKinsey started work on the “turnaround”.&lt;/p&gt;

&lt;p&gt;In April 2016 Public Enterprises Minister Lynne Brown confidently told Parliament: “Load shedding has become a thing of the past and the usage of diesel has also reduced significantly, with monthly budget reduced from almost R1-billion per month to R40-million per month.”&lt;/p&gt;

&lt;p&gt;Asked about this, McKinsey said that although it was true there had been no load shedding since before their engagement with Eskom began, the work it had done had “helped Eskom continue its progress in avoiding load shedding”.&lt;/p&gt;

&lt;p&gt;“Demand for power is variable, and load shedding is most often an issue in June-July when demand peaks during the winter months. Efforts that we supported included a) working on planned outages based on supply and demand, b) maintenance planning, c) increasing availability at Majuba power station, d) accelerating the new build programme, and e) reducing reliance on expensive diesel fuelled open-cycle gas turbines. We believe these initiatives have helped Eskom continue its progress in avoiding load shedding.”&lt;/p&gt;

&lt;h2 id=&quot;controlling-the-baseline&quot;&gt;Controlling the baseline&lt;/h2&gt;

&lt;p&gt;According to the Oliver Wyman report, a large part of McKinsey and Trillian’s claim – R451-million – was for work done to improve the generating capacity at just one power station: Majuba near Volksrust in Mpumalanga.&lt;/p&gt;

&lt;p&gt;“Majuba was chosen as a pilot project because its [Energy Availability Factor (EAF)] was very low … The target was a full plant turnaround, which included addressing technical issues, employees’ mindset and behaviour, introducing advanced analytics solutions, and implementing proper discipline to outage management procedures,” the Oliver Wyman report explains.&lt;/p&gt;

&lt;p&gt;By the time McKinsey’s contract was cancelled in July 2016, Majuba’s availability had marginally increased from 63% to around 66.7%. But according to Oliver Wyman the way Eskom allowed McKinsey to calculate “baselines” and “success fees” was “unrealistic”, creating a risk of “excessive and unfair payout structures”.&lt;/p&gt;

&lt;p&gt;In Majuba’s case this included an assumption that, without McKinsey, the baseline performance would have continued to deteriorate at the same rate over the duration of the contract.&lt;/p&gt;

&lt;p&gt;This allowed the consultants to claim fees for the next three years for exaggerated improvements they hadn’t actually made, because the baseline was dropping.&lt;/p&gt;

&lt;p&gt;What the contract appears to ignore is that Eskom’s own performance in this area was improving, without the help of highly paid consultants.&lt;/p&gt;

&lt;p&gt;In a letter to &lt;em&gt;Business Day&lt;/em&gt; in July 2016, Eskom’s then group executive for generation Matshela Koko boasted that Eskom’s EAF across all power stations had increased by 9.3% between the beginning of 2015 and mid-2016, adding an additional 3,500MW to the grid.&lt;/p&gt;

&lt;h2 id=&quot;its-not-a-benefit-if-you-cant-sell-it&quot;&gt;It’s not a benefit if you can’t sell it&lt;/h2&gt;

&lt;p&gt;By our calculation the R451-million that McKinsey and Trillian wanted to be paid was for adding an additional 173MW of capacity at Majuba power station.&lt;/p&gt;

&lt;p&gt;Yet as Oliver Wyman’s report pointed out, the extra capacity at Majuba would not translate into actual sales if there was no demand for Majuba’s extra megawatts of electricity.&lt;/p&gt;

&lt;p&gt;“[T]he incentive was entirely tied to EAF improvements, irrespective of how much extra revenue these created for Eskom in reality. Eskom would have continued to pay for EAF improvements in 2-3 years’ time even if by that stage the station was generating more electricity than could be sold at the expected prices,” the report says.&lt;/p&gt;

&lt;p&gt;The contract, if it was strictly enforced, would have required Eskom to keep paying McKinsey and Trillian for improvements made at Majuba until the end of 2018, despite the fact that Eskom has had excess capacity on the grid for more than a year.&lt;/p&gt;

&lt;p&gt;Oliver Wyman calculated that if Eskom had been charged the full amount for the projected availability improvement over three years the bill would have been a staggering R2.1-billion, even if Eskom had not sold a cent more electricity.&lt;/p&gt;

&lt;p&gt;As a final point of concern, Oliver Wyman noted that the consultants appear to have double-billed Eskom at Majuba to the tune of R106-million, and that the negotiations between Eskom and the consultants over the Majuba fees were “poorly documented and lacked transparency”.&lt;/p&gt;

&lt;h2 id=&quot;the-final-settlement&quot;&gt;The final settlement&lt;/h2&gt;

&lt;p&gt;Of the remaining amount of around R850-million that Eskom had already approved but not yet paid, Oliver Wyman found “clear challenges” to R387.5-million in fees.&lt;/p&gt;

&lt;p&gt;In total, Oliver Wyman recommended that additional fees of no more than R461.3-million should be paid to McKinsey and Trillian. However, even with these fees, which Oliver Wyman said “faced no procedural issues”, the firm said serious questions still needed to be asked about:&lt;/p&gt;
&lt;ul&gt;
  &lt;li&gt;Whether baselines for cost improvements were “reasonable or chosen to be as high as possible” in order to extract maximum fees for the consultants?&lt;/li&gt;
  &lt;li&gt;Whether short-term savings made by the consultants would mean Eskom picking up a bigger bill over the total lifetime of the project?&lt;/li&gt;
  &lt;li&gt;Whether spending on certain projects was “truly halted or simply postponed”?&lt;/li&gt;
  &lt;li&gt;And whether some of the ideas the consultants were claiming credit for were really theirs to begin with.&lt;/li&gt;
&lt;/ul&gt;

&lt;p&gt;If Eskom executives did any soul searching on the questions Oliver Wyman proposed, they did so quickly: four days after the report was received Trillian was paid an additional R153-million.&lt;/p&gt;

&lt;p&gt;In February 2017, the final settlement was paid: R524.4-million.&lt;/p&gt;

&lt;p&gt;In total, the McKinsey contract, which Eskom now calls “unlawful… invalid and void”, was used to pay R1.03-billion to McKinsey (&lt;a href=&quot;https://www.dailymaverick.co.za/article/2017-10-03-amabhungane-and-scorpio-guptaleaks-the-mckinsey-dossier-part-2-contract-to-pay-mckinsey-and-trillian-r1.6-bn-invalid/#.WdZ--hNL-t8&quot;&gt;See Part 2&lt;/a&gt;).&lt;/p&gt;

&lt;p&gt;Trillian, who had no contract with Eskom or McKinsey and had been dumped as the project’s supplier development partner as early as March 2016, received R564.6-million.&lt;/p&gt;

&lt;p&gt;In the statement released on Thursday night, Eskom said: “The interim findings from Eskom investigations, into the circumstances surrounding payments made to both the companies, point to certain decisions by Eskom, and resultant payments, as being unlawful, Eskom is obliged, pursuant to its statutory and common law duties, including the PFMA (Public Finance Management Act) and the Companies Act, to seek to set aside these unlawful decisions and to have all the money unlawfully paid out returned.&lt;/p&gt;

&lt;p&gt;“Accordingly, Eskom wrote to each explaining the action it would take and requesting their co-operation in the matter. Being such a critical entity, which is inextricably tied to the nation’s economy, it is in the public interest to do everything we can as Eskom to claw back all the fees which were unlawfully paid, while expediting the disciplinary processes currently under way.”&lt;/p&gt;

&lt;p&gt;&lt;em&gt;Read Eskom’s 5 October statement &lt;a href=&quot;http://www.eskom.co.za/news/Pages/Octt5B.aspx&quot;&gt;here&lt;/a&gt;.&lt;/em&gt;&lt;/p&gt;

&lt;p&gt;&lt;br /&gt;
&lt;br /&gt;&lt;/p&gt;

&lt;hr /&gt;

&lt;h3 id=&quot;to-follow-pplaaf-follow-its-profiles&quot;&gt;To follow PPLAAF, follow its profiles:&lt;/h3&gt;
&lt;ul&gt;
  &lt;li&gt;Facebook: &lt;a href=&quot;https://www.facebook.com/PPLAAF/&quot;&gt;https://www.facebook.com/PPLAAF/&lt;/a&gt;&lt;/li&gt;
  &lt;li&gt;Twitter: &lt;a href=&quot;https://twitter.com/pplaaf&quot;&gt;@pplaaf&lt;/a&gt;&lt;/li&gt;
&lt;/ul&gt;

&lt;h3 id=&quot;for-further-information-please-contact&quot;&gt;For further information, please contact:&lt;/h3&gt;
&lt;ul&gt;
  &lt;li&gt;In Paris, William Bourdon (French, English): &lt;a href=&quot;mailto:w.bourdon@bourdon-associes.com&quot;&gt;w.bourdon@bourdon-associes.com&lt;/a&gt; or + 33 1 42 60 32 60&lt;/li&gt;
  &lt;li&gt;In Paris, Henri Thulliez (French, English): &lt;a href=&quot;mailto:henri.thulliez@gmail.com&quot;&gt;henri.thulliez@gmail.com&lt;/a&gt; or + 33 6 98 04 66 72&lt;/li&gt;
  &lt;li&gt;In Johannesburg, Khadija Sharife (English): &lt;a href=&quot;mailto:ksharife@gmail.com&quot;&gt;ksharife@gmail.com&lt;/a&gt; or + 27 (71) 688 62 76&lt;/li&gt;
&lt;/ul&gt;

&lt;hr /&gt;</content><author><name></name></author><summary type="html">Eskom has moved to reclaim R1.6-billion paid to McKinsey and Trillian for a consulting project that left the power utility “open to excessive economic exposure”</summary><media:thumbnail xmlns:media="http://search.yahoo.com/mrss/" url="https://pplaaf.org/mckinsey-3.jpg" /></entry><entry><title type="html">Scorpio&amp;amp;#58 NeneGate whistle-blower launches her fightback</title><link href="https://pplaaf.org/2017/10/05/whistleblower-fightback.html" rel="alternate" type="text/html" title="Scorpio&amp;#58 NeneGate whistle-blower launches her fightback" /><published>2017-10-05T00:00:00+02:00</published><updated>2017-10-05T00:00:00+02:00</updated><id>https://pplaaf.org/2017/10/05/whistleblower-fightback</id><content type="html" xml:base="https://pplaaf.org/2017/10/05/whistleblower-fightback.html">&lt;p&gt;&lt;img class=&quot;img-responsive img-post center-block&quot; src=&quot;/img/posts/nenewhistle.jpg&quot; title=&quot;Photo: President Jacob Zuma and the then Minister of Finance, Nhlanhla Nene, 6 October 2014 (Greg Nicolson)&quot; /&gt;&lt;/p&gt;

&lt;p&gt;&lt;br /&gt;
For months she was backed into a corner, isolated and waging a lone and costly battle against the financial might of her former boss at Trillian Capital Partners.&lt;/p&gt;

&lt;p&gt;Now the former chief executive who revealed the hidden hand behind President Jacob Zuma’s axing of former finance minister Nhlanhla Nene in December 2015 is fighting back against the company that has taken centre stage in South Africa’s state capture scandal.&lt;/p&gt;

&lt;p&gt;The woman, known as the NeneGate whistle-blower, has filed a R500,000 defamation suit against her former employer following the company’s public claims that she had spilled internal secrets out of spite.&lt;/p&gt;

&lt;p&gt;An infrastructure financier, she may not be named following a ruling by the Commission for Conciliation, Mediation and Arbitration (CCMA) where she had taken the company on for constructive dismissal earlier this year.&lt;/p&gt;

&lt;p&gt;This court action is the latest development in her drawn-out personal battle with Trillian, which had previously threatened her with jail time for a string of crimes.&lt;/p&gt;

&lt;p&gt;This was after she revealed details of its questionable ties with executives at state-owned enterprises and behind-the-scenes details of its work with those public sector clients including SA Express, Denel, Transnet and Eskom.&lt;/p&gt;

&lt;p&gt;Provisional charges against her include attempted extortion, theft of intellectual property worth more than R120-million, theft of company information with the intention to hand it to a competitor, cyberspace crimes, conspiracy, corruption and criminal defamation – all of which relates to information she disclosed about the company’s role in the state capture scandal.&lt;/p&gt;

&lt;p&gt;In her 2016 statement to the Public Protector she had revealed that Trillian executives had prior knowledge that Nene was going to be fired, that Des van Rooyen would take over as finance minister and that a colleague of hers at the time, Mohamed Bobat, would join as Van Rooyen’s adviser to help swing deals to companies in the Trillian stable.&lt;/p&gt;

&lt;p&gt;On Tuesday, the company, in a short statement, confirmed that the woman has instituted legal action against it and its CEO, Dr Eric Wood, and requested that, in the interest of balanced reporting, it was made clear that she was the plaintiff.&lt;/p&gt;

&lt;p&gt;The company will be filing its official response at court in due course but stated that it denies the allegations made by her, both in her “initial statements” and as “restated in her court papers”.&lt;/p&gt;

&lt;p&gt;Summons filed at the High Court in Johannesburg earlier this month detail the particulars of her defamation claim. It is pinned on a statement posted on Trillian’s website as well as comments that Wood had made in response to a Sunday Times article titled “The Dark Heart of State Capture” published in October 2016.&lt;/p&gt;

&lt;p&gt;“The article revealed how she had fled the country after revealing, in detail, an elaborate plan for Trillian to secure a number of lucrative deals from (National) Treasury, including the nuclear deal,” court papers state.&lt;/p&gt;

&lt;p&gt;That article quoted Wood denying all the allegations made by her and stating that she was a “disaffected employee” whom he accused of fraud and of stealing confidential company information.&lt;/p&gt;

&lt;p&gt;On the day the article was published, the company released a media statement on its website, one which remained there for at least nine months despite requests by her that it be removed and for the company to issue a written apology to her.&lt;/p&gt;

&lt;p&gt;The statement, among other things, said that she was a “disgruntled” former employee not entitled to protection under the Protected Disclosures Act because she had made the disclosures after she had left the employ of Trillian and that her account contained “a web of falsehoods”.&lt;/p&gt;

&lt;p&gt;In the statement the company also accused her of having committed a number of criminal offences and stated that “criminal prosecution would shortly ensue”.&lt;/p&gt;

&lt;p&gt;In her defamation claim she seeks damages plus interest and a full-page apology to be published in a newspaper as well as an interdict to prevent Trillian or Wood from uttering further defamatory statements about her in the media.&lt;/p&gt;

&lt;p&gt;She says the content of the statement on the company’s website was, per se, wrongful, defamatory and was made with the intention to defame her and to injure her reputation.&lt;/p&gt;

&lt;p&gt;It was intended by the company – and understood by members of the public who read it – to mean that she was vindictive, a liar, could not be trusted and that she was dishonest and a criminal.&lt;/p&gt;

&lt;p&gt;Apart from the defamatory meanings of the media statement, it also carried the “additional sting” that she was a fraudster, a sensationalist, not a law-abiding citizen and that she lacked integrity, court papers state.&lt;/p&gt;

&lt;p&gt;Despite her demanding a written apology and that the defamatory material be removed, she said the company had failed or refused to do this and that Trillian Capital Partners and Wood, jointly or severally, are liable for the defamation she suffered.&lt;/p&gt;

&lt;p&gt;In the immediate aftermath of her statement to the public protector surfacing in the media last year, she had the Hawks on her back as the investigating officer wanted a warning statement from her in respect of the criminal case opened by Wood.&lt;/p&gt;

&lt;p&gt;While other state capture-linked criminal investigations have seen virtually no public progress, the case against her was dealt with in remarkable haste.&lt;/p&gt;

&lt;p&gt;Within a few months of the case being opened, it was seemingly completed and the docket sent to the National Prosecuting Authority for a decision on whether to prosecute her.&lt;/p&gt;

&lt;p&gt;To date, the whistle-blower is yet to be charged although the prospect thereof continues to haunt her since her departure from Trillian in 2016.&lt;/p&gt;

&lt;p&gt;In May, with the decked stacked against her amid multiple and costly legal battles, she landed the backing of the international organisation, Pplaaf.&lt;/p&gt;

&lt;p&gt;Headed by French lawyer, William Bourbon, who has represented US whistle-blower Edward Snowden, its work includes shielding African whistle-blowers from persecution emanating from their disclosures.&lt;/p&gt;

&lt;p&gt;Her claims against the company formed a significant part of an investigation by senior advocate Geoff Budlender who had been hired by Trillian’s former non-executive chairman, Tokyo Sexwale, to delve into the veracity thereof.&lt;/p&gt;

&lt;p&gt;Sexwale stepped down upon release of Budlender’s damning 67-page report in which he said that while he could not make conclusive findings about the company’s role in the firing of Nene, he believed her version of events over that of Trillian management because they had left him with the impression that they could not be trusted.&lt;/p&gt;

&lt;p&gt;Until July, Trillian’s majority shareholder was Salim Essa, the Gupta family’s right-hand man.&lt;/p&gt;

&lt;p&gt;For now, as several enablers of state capture enjoy their paid suspensions courtesy of the South African taxpayer, this whistle-blower – one of two Trillian CEOs who have risked much to expose the inner workings of the system – has been reduced to a professional job-seeker. While highly qualified in her field, Daily Maverick has established that while she sails through job interviews, there appears to be some discomfort about the “political risk” of hiring her. 
&lt;br /&gt;
&lt;em&gt;Photo: President Jacob Zuma and the then Minister of Finance, Nhlanhla Nene, 6 October 2014 (Greg Nicolson)&lt;/em&gt;
&lt;br /&gt;
&lt;br /&gt;&lt;/p&gt;

&lt;hr /&gt;

&lt;h3 id=&quot;to-follow-pplaaf-follow-its-profiles&quot;&gt;To follow PPLAAF, follow its profiles:&lt;/h3&gt;
&lt;ul&gt;
  &lt;li&gt;Facebook: &lt;a href=&quot;https://www.facebook.com/PPLAAF/&quot;&gt;https://www.facebook.com/PPLAAF/&lt;/a&gt;&lt;/li&gt;
  &lt;li&gt;Twitter: &lt;a href=&quot;https://twitter.com/pplaaf&quot;&gt;@pplaaf&lt;/a&gt;&lt;/li&gt;
&lt;/ul&gt;

&lt;h3 id=&quot;for-further-information-please-contact&quot;&gt;For further information, please contact:&lt;/h3&gt;
&lt;ul&gt;
  &lt;li&gt;In Paris, William Bourdon (French, English): &lt;a href=&quot;mailto:w.bourdon@bourdon-associes.com&quot;&gt;w.bourdon@bourdon-associes.com&lt;/a&gt; or + 33 1 42 60 32 60&lt;/li&gt;
  &lt;li&gt;In Paris, Henri Thulliez (French, English): &lt;a href=&quot;mailto:henri.thulliez@gmail.com&quot;&gt;henri.thulliez@gmail.com&lt;/a&gt; or + 33 6 98 04 66 72&lt;/li&gt;
  &lt;li&gt;In Johannesburg, Khadija Sharife (English): &lt;a href=&quot;mailto:ksharife@gmail.com&quot;&gt;ksharife@gmail.com&lt;/a&gt; or + 27 (71) 688 62 76&lt;/li&gt;
&lt;/ul&gt;

&lt;hr /&gt;</content><author><name></name></author><summary type="html">Former Trillian CEO launches defamation suit against the company over damaging statements branding her as a vindictive criminal following her state capture disclosures. By Jessica Bezuidenhout for SCORPIO.</summary><media:thumbnail xmlns:media="http://search.yahoo.com/mrss/" url="https://pplaaf.org/nenewhistle.jpg" /></entry></feed>