<?xml version="1.0" encoding="utf-8"?><feed xmlns="http://www.w3.org/2005/Atom" ><generator uri="https://jekyllrb.com/" version="3.6.2">Jekyll</generator><link href="https://pplaaf.org/feed.xml" rel="self" type="application/atom+xml" /><link href="https://pplaaf.org/" rel="alternate" type="text/html" /><updated>2018-01-23T20:31:08+02:00</updated><id>https://pplaaf.org/</id><title type="html">Plateforme de Protection des Lanceurs d’Alerte en Afrique</title><entry><title type="html">Saftu welcomes AFU action</title><link href="https://pplaaf.org/2018/01/22/saftu-welcomes-afu-action.html" rel="alternate" type="text/html" title="Saftu welcomes AFU action" /><published>2018-01-22T00:00:00+02:00</published><updated>2018-01-22T00:00:00+02:00</updated><id>https://pplaaf.org/2018/01/22/saftu-welcomes-afu-action</id><content type="html" xml:base="https://pplaaf.org/2018/01/22/saftu-welcomes-afu-action.html">&lt;p&gt;&lt;img class=&quot;img-responsive img-post center-block&quot; src=&quot;/img/posts/saftu.jpg&quot; /&gt;
&lt;br /&gt;
&lt;br /&gt;&lt;/p&gt;

&lt;p&gt;JOHANNESBURG - &lt;a href=&quot;http://saftu.org.za/&quot;&gt;The South African Federation of Trade Unions (Saftu)&lt;/a&gt; has welcomed the preservation order granted by the Free State High Court in Bloemfontein against the Gupta-linked Estina dairy business.&lt;/p&gt;

&lt;p&gt;Judge Fouche Jordaan on Thursday ordered that money, not exceeding an amount of R220,202,652 - money described in the order as being the “proceeds of crime” - be frozen.&lt;/p&gt;

&lt;p&gt;Jordaan also ordered that “the remaining extent of the farm Krynaauws Lust 275, district Vrede” in the Free State, which is co-owned by President Jacob Zuma’s son Duduzane Zuma and other entities in the Gupta empire, be preserved and that the farm be put under curatorship of the National Prosecuting Authority’s (NPA) Asset Forfeiture Unit (AFU), Saftu said in a statement on Sunday.&lt;/p&gt;

&lt;p&gt;Saftu congratulates all those, including the federation itself, whose relentless pressure forced the AFU to act and hopes that this court order and the action by the AFU will be followed by similar action against all those implicated, directly or indirectly in the looting of public funds,” the union federation said.&lt;/p&gt;

&lt;p&gt;Earlier, court documents that came to light this week exposed how the notorious politically-connected Gupta family, along with high ranking politicians and government employees, milked the country and skimmed from the poor through a multi-million rand dairy farm deal in the Free State.&lt;/p&gt;

&lt;p&gt;The looting is revealed in the preservation order granted to the AFU on Thursday by Judge Jordaan.&lt;/p&gt;

&lt;p&gt;The court ordered that an amount not exceeding R220,202,652 “which constitutes proceeds of crime” could be seized by the AFU from various bank accounts linked to the Estina dairy project in Vrede in the Free State.&lt;/p&gt;

&lt;p&gt;The vast sum of money was paid in seven tranches between April 2013 and May 2016. Soon after it had been deposited into the dairy project’s accounts, the money was transferred to the accounts of several other Gupta-linked companies.&lt;/p&gt;

&lt;p&gt;Nkosiphendule Mradla, the AFU prosecutor who filed the preservation order in the Free State High Court, said the evidence submitted to the court revealed that the “entire project, including the very land on which it was located, was merely part of the necessary packaging that was required to achieve the ultimate aim and objective of swindling the department of the funds”.&lt;/p&gt;

&lt;p&gt;“The respective parties worked jointly… with the ultimate purpose of forcing the department to make financial commitments in a business idea that was in clear failure from the outset. In the circumstances, I submit that the entire project, including the land it was located on, were instrumentalities of the evident theft, fraud, and money laundering,” said Mradla.&lt;/p&gt;

&lt;p&gt;The Estina dairy project, supposedly established to benefit emerging black farmers, was set up while Mineral Resources Minister Mosebenzi Zwane was MEC for agriculture in the province.&lt;/p&gt;

&lt;p&gt;The Zwane-led agricultural department signed the Vrede dairy farm agreement with Estina on 5 July 2012. Estina (Pty) Ltd’s sole director and shareholder was Kamal Vasram, a former sales manager at another Gupta-owned business, Sahara Computers. Vasram paid himself R4 million from the project coffers.&lt;/p&gt;

&lt;p&gt;The AFU application details how Atul Gupta personally benefited to the tune of R10-million while further stating “there was no justification for the payment of an amount of R14.5-million to Oakbay Investments as its core business is not agriculture”. Oakbay Investments is one of the Gupta family’s main business vehicles in South Africa.&lt;/p&gt;

&lt;p&gt;&lt;br /&gt;&lt;/p&gt;

&lt;hr /&gt;

&lt;p&gt;From the African News Agency via &lt;a href=&quot;https://www.enca.com/south-africa/saftu-welcomes-afu-s-action-to-recover-gupta-linked-proceeds-of-crime&quot; target=&quot;_blank&quot;&gt;ENCA.com&lt;/a&gt;&lt;/p&gt;

&lt;hr /&gt;

&lt;h3 id=&quot;to-follow-pplaaf-follow-its-profiles&quot;&gt;To follow PPLAAF, follow its profiles:&lt;/h3&gt;
&lt;ul&gt;
  &lt;li&gt;Facebook: &lt;a href=&quot;https://www.facebook.com/PPLAAF/&quot;&gt;https://www.facebook.com/PPLAAF/&lt;/a&gt;&lt;/li&gt;
  &lt;li&gt;Twitter: &lt;a href=&quot;https://twitter.com/pplaaf&quot;&gt;@pplaaf&lt;/a&gt;&lt;/li&gt;
&lt;/ul&gt;

&lt;h3 id=&quot;for-further-information-please-contact&quot;&gt;For further information, please contact:&lt;/h3&gt;
&lt;ul&gt;
  &lt;li&gt;&lt;a href=&quot;mailto:info@pplaaf.org&quot;&gt;info@pplaaf.org&lt;/a&gt;&lt;/li&gt;
&lt;/ul&gt;

&lt;hr /&gt;</content><author><name></name></author><category term="featured" /><category term="SouthAfrica" /><summary type="html">Saftu congratulates all those, including the federation itself, whose relentless pressure forced the AFU to act, the trade union said in a statement on Sunday.</summary><media:thumbnail xmlns:media="http://search.yahoo.com/mrss/" url="https://pplaaf.org/saftu.jpg" /></entry><entry><title type="html">First Strike From the AFU</title><link href="https://pplaaf.org/2018/01/22/first-strike-afu.html" rel="alternate" type="text/html" title="First Strike From the AFU" /><published>2018-01-22T00:00:00+02:00</published><updated>2018-01-22T00:00:00+02:00</updated><id>https://pplaaf.org/2018/01/22/first-strike-afu</id><content type="html" xml:base="https://pplaaf.org/2018/01/22/first-strike-afu.html">&lt;p&gt;This week the Asset Forfeiture Unit launched their first strike against international consulting company McKinsey and the Gupta-linked company, Trillian. Their preservation order freezes R1.6 billion, but that is just the beginning, says the NPA. They hope to recover another R50- billion. In an exclusive interview, Carte Blanche sits down with Suzanne Daniels, the Eskom executive, who was the first to recommend these companies pay back the money, but was suspended shortly afterwards.&lt;/p&gt;

&lt;p&gt;&lt;a href=&quot;https://carteblanche.dstv.com/first-strike-afu/&quot; target=&quot;blank&quot;&gt;&lt;img class=&quot;img-responsive img-post center-block&quot; src=&quot;/img/posts/carteblanche1.jpg&quot; /&gt;&lt;/a&gt;
&lt;br /&gt;
View the video &lt;a href=&quot;https://carteblanche.dstv.com/first-strike-afu/&quot; target=&quot;blank&quot;&gt;here&lt;/a&gt;&lt;/p&gt;

&lt;p&gt;&lt;br /&gt;
&lt;br /&gt;&lt;/p&gt;

&lt;hr /&gt;

&lt;h3 id=&quot;to-follow-pplaaf-follow-its-profiles&quot;&gt;To follow PPLAAF, follow its profiles:&lt;/h3&gt;
&lt;ul&gt;
  &lt;li&gt;Facebook: &lt;a href=&quot;https://www.facebook.com/PPLAAF/&quot;&gt;https://www.facebook.com/PPLAAF/&lt;/a&gt;&lt;/li&gt;
  &lt;li&gt;Twitter: &lt;a href=&quot;https://twitter.com/pplaaf&quot;&gt;@pplaaf&lt;/a&gt;&lt;/li&gt;
&lt;/ul&gt;

&lt;h3 id=&quot;for-further-information-please-contact&quot;&gt;For further information, please contact:&lt;/h3&gt;
&lt;ul&gt;
  &lt;li&gt;&lt;a href=&quot;mailto:info@pplaaf.org&quot;&gt;info@pplaaf.org&lt;/a&gt;&lt;/li&gt;
&lt;/ul&gt;

&lt;hr /&gt;</content><author><name></name></author><category term="featured" /><category term="SouthAfrica" /><summary type="html">This week the Asset Forfeiture Unit launched their first strike against international consulting company McKinsey and the Gupta-linked company, Trillian. Their preservation order freezes R1.6 billion, but that is just the beginning, says the NPA.</summary><media:thumbnail xmlns:media="http://search.yahoo.com/mrss/" url="https://pplaaf.org/carteblanche1.jpg" /></entry><entry><title type="html">Press Release</title><link href="https://pplaaf.org/2018/01/16/embargoed-pressrelease.html" rel="alternate" type="text/html" title="Press Release" /><published>2018-01-16T00:00:00+02:00</published><updated>2018-01-16T00:00:00+02:00</updated><id>https://pplaaf.org/2018/01/16/embargoed-pressrelease</id><content type="html" xml:base="https://pplaaf.org/2018/01/16/embargoed-pressrelease.html">&lt;!-- &lt;img class=&quot;img-responsive img-post center-block&quot; src=&quot;/img/posts/saftu.jpg&quot;&gt;  --&gt;
&lt;!-- &lt;br&gt; --&gt;
&lt;h2 id=&quot;south-africa-authorities-to-seize-illicitly-gained-gupta-linked-assets&quot;&gt;South Africa: Authorities to seize illicitly gained Gupta-linked assets&lt;/h2&gt;
&lt;h3 id=&quot;whistleblower-testimonies-and-leading-labor-union-help-drive-asset-recovery-of-stolen-resources-from-state-owned-entities&quot;&gt;Whistleblower testimonies and leading labor union help drive asset recovery of stolen resources from state-owned entities&lt;/h3&gt;

&lt;hr /&gt;

&lt;p&gt;(Durban, December 19th, 2017) - South Africa’s state-run Asset Forfeiture Unit (AFU) based within the National Prosecuting Authority (NPA) has moved to seize alleged illicitly obtained assets of Gupta-linked firm, Trillian, said today the Platform to Protect Whistleblowers in Africa (&lt;a href=&quot;https://pplaaf.org/&quot;&gt;PPLAAF&lt;/a&gt;). Previously co-owned by Gupta associate Salim Essa, Trillian was one of several umbrella entities involved in a vast raid on state-owned budgets – described as “State capture”.&lt;/p&gt;

&lt;p&gt;On 16 January 2018, McKinsey and Co will be served with an asset seizure order in terms of South Africa’s Prevention of Organised Crimes Act (POCA). This order arises from the illegal payment of monies from state owned electricity utility, Eskom, to McKinsey and Co and the Gupta-connected company Trillian. The Guptas are a family who have been widely accused of exploiting their close connection to President Zuma to corruptly score government work and influence policy. McKinsey has had R1.1 billion seized and Trillian R595m.&lt;/p&gt;

&lt;p&gt;Purportedly created to operate for the “current dispensation” only – an alleged reference to those empowered by incumbent President’s Zuma rule, Trillian’s schemes were exposed by its own former CEOs who turned whistleblower: Mosilo Mothepu and Bianca Goodson.&lt;/p&gt;

&lt;p&gt;PPLAAF has worked with the AFU team that recently achieved the promising milestone of seizing the assets of Trillian as being the suspected proceeds of crime.&lt;/p&gt;

&lt;p&gt;&lt;em&gt;“For PPLAAF, to assist the very courageous Trillian whistleblowers to tell their story was not enough”&lt;/em&gt;, said &lt;a href=&quot;https://pplaaf.org/who-we-are.html&quot;&gt;William Bourdon&lt;/a&gt;, President of PPLAAF. &lt;em&gt;“There had to be consequences for those who acted corruptly and then persecuted the whistleblowers for coming forward”.&lt;/em&gt;&lt;/p&gt;

&lt;p&gt;To that end, PPLAAF supported and partnered with South African Federation of Trade Unions (SAFTU), comprised of 700.000 South African union workers, which filed charges against Trillian and to gather evidence in support of both criminal charges and civil forfeiture including fraud, theft, corruption and money laundering.&lt;/p&gt;

&lt;p&gt;&lt;em&gt;“We will not allow the evidence to be swept under the carpet,”&lt;/em&gt; declared SAFTU General Secretary and renowned union leader, Zwelinzima Vavi, confirming also that SAFTU’s mobilized masses had &lt;em&gt;“literally given them (NPA and police) every piece of information”&lt;/em&gt; needed for the case against Trillian and those acting in collusion, including state-owned electricity provider Eskom and the government’s transport entity, Transnet.&lt;/p&gt;

&lt;p&gt;&lt;em&gt;“We believed that those bearing the brunt of economic inequality and exploitation suffer the most when corruption is allowed to flourish for elite interests”, said Bourdon. “When it became clear that the good lawyers and investigators in the AFU were indeed serious about their job, PPLAAF assisted in the application.”&lt;/em&gt;&lt;/p&gt;

&lt;p&gt;Much work needs to be done, many bank accounts to attach and monies to bring back to the people of South Africa. PPLAAF is expanding its focus and resources to these efforts, alongside other organizations.&lt;/p&gt;

&lt;p&gt;These and other whistleblowers’ courage formed the basis of these initiatives. In risking their lives to help put information in the hands of South Africa’s legal, parliamentary and media platforms, they suffered losses ranging from family to employment that remain long after the fact. The &lt;a href=&quot;https://pplaaf.org/2017/11/10/capture-revelations.html&quot;&gt;testimonies&lt;/a&gt; provided by Mothepu and Goodson have formed the basis of various reports including that of former Public Protector Thuli Madonsela’s investigation, titled “State of Capture” as well as the “Budlender” report, authored by advocate Geoff Budlender as Trillian’s own internal investigation.&lt;/p&gt;

&lt;p&gt;PPLAAF is a Senegalese non-governmental organisation founded in 2017 by advocate Willian Bourdon with the mandate of supporting whistleblowers and leaks through legal strategy, funding, research, legislation, technology and other needs.&lt;/p&gt;

&lt;p&gt;&lt;br /&gt;
PPLAAF &lt;br /&gt;
&lt;a href=&quot;mailto:info@pplaaf.org&quot;&gt;info@pplaaf.org&lt;/a&gt;&lt;/p&gt;

&lt;p&gt;&lt;br /&gt;&lt;/p&gt;
&lt;h3 id=&quot;links-to-this-story-elsewhere&quot;&gt;Links to this story elsewhere:&lt;/h3&gt;
&lt;ul&gt;
  &lt;li&gt;&lt;a href=&quot;https://www.dailymaverick.co.za/article/2018-01-15-scorpio-gupta-linked-trillian-and-mckinseys-assets-to-be-frozen-by-order-of-high-court/&quot;&gt;DailyMaverick Scorpio: Gupta-linked Trillian and McKinsey’s assets to be frozen by order of High Court&lt;/a&gt;&lt;/li&gt;
  &lt;li&gt;&lt;a href=&quot;http://www.enca.com/south-africa/saftu-applauds-mckinsey-and-trillian-asset-freeze&quot;&gt;ENCA: Saftu applauds McKinsey and Trillian asset freeze&lt;/a&gt;&lt;/li&gt;
&lt;/ul&gt;

&lt;p&gt;&lt;br /&gt;
&lt;br /&gt;&lt;/p&gt;

&lt;hr /&gt;

&lt;h3 id=&quot;to-follow-pplaaf-follow-its-profiles&quot;&gt;To follow PPLAAF, follow its profiles:&lt;/h3&gt;
&lt;ul&gt;
  &lt;li&gt;Facebook: &lt;a href=&quot;https://www.facebook.com/PPLAAF/&quot;&gt;https://www.facebook.com/PPLAAF/&lt;/a&gt;&lt;/li&gt;
  &lt;li&gt;Twitter: &lt;a href=&quot;https://twitter.com/pplaaf&quot;&gt;@pplaaf&lt;/a&gt;&lt;/li&gt;
&lt;/ul&gt;

&lt;h3 id=&quot;for-further-information-please-contact&quot;&gt;For further information, please contact:&lt;/h3&gt;
&lt;ul&gt;
  &lt;li&gt;In Paris, William Bourdon (French, English): &lt;a href=&quot;mailto:w.bourdon@bourdon-associes.com&quot;&gt;w.bourdon@bourdon-associes.com&lt;/a&gt; or + 33 1 42 60 32 60&lt;/li&gt;
  &lt;li&gt;In Johannesburg, Khadija Sharife (English): &lt;a href=&quot;mailto:ksharife@gmail.com&quot;&gt;ksharife@gmail.com&lt;/a&gt; or + 27 (71) 688 62 76&lt;/li&gt;
&lt;/ul&gt;

&lt;hr /&gt;</content><author><name>PPLAAF</name></author><category term="pressrelease" /><category term="featured" /><summary type="html">South Africa&amp;#58 Authorities to seize illicitly gained Gupta-linked assets. Whistleblower testimonies and leading labor union help drive asset recovery of stolen resources from state-owned entities</summary><media:thumbnail xmlns:media="http://search.yahoo.com/mrss/" url="https://pplaaf.org/pressrelease.png" /></entry><entry><title type="html">Daily Maverick South African Persons of the Year&amp;amp;#58 The Whistle-blowers</title><link href="https://pplaaf.org/2017/12/22/daily-maverick-personsoftheyear-whistleblowers.html" rel="alternate" type="text/html" title="Daily Maverick South African Persons of the Year&amp;#58 The Whistle-blowers" /><published>2017-12-22T00:00:00+02:00</published><updated>2017-12-22T00:00:00+02:00</updated><id>https://pplaaf.org/2017/12/22/daily-maverick-personsoftheyear-whistleblowers</id><content type="html" xml:base="https://pplaaf.org/2017/12/22/daily-maverick-personsoftheyear-whistleblowers.html">&lt;!-- &lt;img class=&quot;img-responsive img-post center-block&quot; src=&quot;/img/posts/saftu.jpg&quot;&gt;  --&gt;
&lt;!-- &lt;br&gt; --&gt;

&lt;h2 id=&quot;mosilo-mothepu-they-messed-with-the-wrong-black-woman&quot;&gt;Mosilo Mothepu: ‘They messed with the wrong black woman’&lt;/h2&gt;

&lt;p&gt;South Africans may not know the name Mosilo Mothepu, but they should. Her revelations in the State Capture scandal triggered a wave of courage that saw many others step up over the past year.&lt;/p&gt;

&lt;p&gt;For just over a year she was a faceless and nameless former Trillian executive, commonly referred to as the Nenegate whistle-blower. In October 2016 a written statement she had handed to former Public Protector Thuli Madonsela surfaced in the media when the Sunday Times published details of her revelations about the Gupta-linked Trillian Capital Partners under the headline “The Dark Heart of State Capture”.&lt;/p&gt;

&lt;p&gt;Today she can stand tall, having finally presented her testimony at an official parliamentary hearing.&lt;/p&gt;

&lt;p&gt;But for her, country duty has come at a heavy price. Mothepu has been unemployed for 18 months. By taking on the Gupta company, she soon found herself with mounting legal bills as Trillian responded with a financially crippling legal onslaught. As soon as she headed to the CCMA to sue for constructive dismissal, Trillian hit back demanding she repay a R500,000 sign-on bonus.&lt;/p&gt;

&lt;p&gt;“Trillian has vindictively pursued criminal charges against me. I am deemed a political risk by corporate SA and am unable to find a job,” she told Daily Maverick.&lt;/p&gt;

&lt;p&gt;She has an additional sword of 10 criminal cases hanging over her head. The company has threatened her with jail, having opened a case against her for a range of charges including cybercrimes and theft of intellectual property. Neither the NPA nor the Hawks have been able to provide clarity on the status of these cases.&lt;/p&gt;

&lt;p&gt;Why then did she do it?&lt;/p&gt;

&lt;p&gt;“I was in Sharm El Sheikh in Egypt. I had gone to see Mount Zion.” In that moment, spirituality took over and she was reminded of a news headline from back home. Pravin Gordhan was quoted as saying:&lt;/p&gt;

&lt;p&gt;“I’m prepared to die to save South Africa from the thieves.”&lt;/p&gt;

&lt;p&gt;She cut short her trip and booked a flight back to Johannesburg because, she says: “I couldn’t let him stand alone.”&lt;/p&gt;

&lt;p&gt;The 12-page statement Mothepu drafted for the Public Protector now reads like a blueprint for the series of exposés that have since come to unravel the Gupta empire, exposed the rot at Eskom, and with that, dented the reputation of McKinsey.&lt;/p&gt;

&lt;p&gt;Asked if it was worth it, Mothepu doesn’t hesitate.&lt;/p&gt;

&lt;p&gt;“Integrity isn’t about the right thing if it costs nothing. My decision to go public has cost me financially, emotionally. But it’s a small price, for as of now, South Africans know about Trillian’s involvement in State Capture,” she says.&lt;/p&gt;

&lt;p&gt;“My loyalty is to South Africa and they messed with the wrong black woman.”&lt;/p&gt;

&lt;h2 id=&quot;its-a-lonely-thing-being-a-whistle-blower&quot;&gt;‘It’s a lonely thing, being a whistle-blower’&lt;/h2&gt;

&lt;p&gt;Mothepu’s experience since blowing the whistle on Trillian is not isolated. The Open Democracy Advice Centre (ODAC) has been fighting a lengthy battle for greater legal protection for whistle-blowers.&lt;/p&gt;

&lt;p&gt;“Most often it’s not a happy ending,” says Lorraine Martin, Whistle-blowing Programme Manager at ODAC. “The road is very long sometimes, and often just due to fatigue, whistle-blowers can’t continue. It’s very expensive to fight, and it’s very hard to force employers to investigate wrongdoing. One of the biggest reasons why people don’t blow the whistle is because they fear nothing will be done.”&lt;/p&gt;

&lt;p&gt;ODAC maintains a confidential helpline which South African whistle-blowers can use to ask for help. Martin says they receive around 180 such requests per year. They are mostly from employees who have already blown the whistle to no evident effect, or who are now facing some kind of occupational harassment as a result.&lt;/p&gt;

&lt;p&gt;The legal framework protecting the rights of whistle-blowers is the Protected Disclosures Act. Trillian has argued in the case of Mosilo Mothepu that because she had left the company before she spilled the beans, she was not entitled to the protection of this legislation.&lt;/p&gt;

&lt;p&gt;The act was amended in 2017:&lt;/p&gt;

&lt;p&gt;“There have been legislative developments this year which are supposed to offer better protections, but not many people know about the changes,” ODAC’s Alison Tilley explains. Among the new provisions: independent contractors can blow the whistle as well as permanent employees; the litigation settlement cap has been increased; the identity of a whistle-blower has to be kept secret, and all companies larger than 50 workers have to have a whistle-blowing policy.&lt;/p&gt;

&lt;p&gt;But despite this hypothetical armour, prospective whistle-blowers remain justifiably scared. Tilley believes that the ODAC helpline is used mostly by people who have nobody else to talk to.&lt;/p&gt;

&lt;p&gt;“It’s a lonely thing, being a whistle-blower,” Tilley says.&lt;/p&gt;

&lt;h2 id=&quot;bianca-goodson-reclaiming-power-after-a-journey-of-self-inflicted-paranoia&quot;&gt;Bianca Goodson: Reclaiming power after a journey of self-inflicted paranoia&lt;/h2&gt;

&lt;p&gt;&lt;img class=&quot;img-responsive img-post&quot; src=&quot;/img/posts/bianca-goodson.jpg&quot; /&gt;&lt;/p&gt;

&lt;p&gt;With every headline about State Capture, Bianca Goodson slipped deeper into a state of confusion and self-doubt. There she was, privy to much of Trillian’s dirty little secrets, yet utterly petrified to breathe a word.&lt;/p&gt;

&lt;p&gt;For months the young techno economist and former Trillian Management Consulting chief executive officer simply watched the scandal play out. Having initially confided in her pastors at church, those closest to her had further encouraged her to keep quiet.&lt;/p&gt;

&lt;p&gt;But the fear-induced silence was eating away at her.&lt;/p&gt;

&lt;p&gt;“I felt that I was being spineless not to speak up,” she told Daily Maverick. “I decided one day that I was allowing my experience to bully me.”&lt;/p&gt;

&lt;p&gt;In September 2016, several months after resigning from her job, she finally made a formal disclosure about her time at Trillian to the Public Protector.&lt;/p&gt;

&lt;p&gt;That came with its own trauma as Goodson went virtually off-grid, limiting contact with others amid a hunt for information that could validate her claims that her former employer was deeply intertwined with the State Capture scandal.&lt;/p&gt;

&lt;p&gt;“I was hiding because I feared the potential consequences: aware of what Trillian was doing to Mosilo, I feared the same could happen to me.”&lt;/p&gt;

&lt;p&gt;She had worked alongside the Nenegate whistle-blower, Mosilo Mothepu, in the Trillian stable of companies.&lt;/p&gt;

&lt;p&gt;“I always knew that the information I had would corroborate suspicions about Trillian’s dealings with State-owned Enterprises.”&lt;/p&gt;

&lt;p&gt;But Goodson worried about legal consequences and a potential defamation suit, things she feared would have greatly impacted on her ability to support her young daughter.&lt;/p&gt;

&lt;p&gt;The fear and “self-inflicted paranoia” intensified. Being an unemployed mother and becoming a whistle-blower in the State Capture saga is not something many people can relate to.&lt;/p&gt;

&lt;p&gt;“It’s lonely and scary. There is no one you can speak to that completely understands the risks that you must try to mitigate.”&lt;/p&gt;

&lt;p&gt;But since her disclosures, Goodson says she has never had any threats and nor has she been given reason to believe she was at risk.&lt;/p&gt;

&lt;p&gt;And, save for a few twists and turns, her life is back on track.&lt;/p&gt;

&lt;p&gt;She landed a job at accounting software firm Sage, albeit for just a few months. Her time there coincided with the release of her detailed statement released via the Platform for the Protection of Whistle-blowers in Africa, PPLAAF.&lt;/p&gt;

&lt;p&gt;Sage took much heat after accepting her offer to resign – she had merely indicated she would do so if they perceived her disclosures to pose a reputational risk to the company.&lt;/p&gt;

&lt;p&gt;Recently, as she walked into Parliament to testify at the Eskom hearing, Goodson seemed a picture of confidence, emboldened that those in high office wanted to hear from whistle-blowers like her.&lt;/p&gt;

&lt;p&gt;“The most significant consequence of my disclosure is very personal. Significant relationships in my life have been destroyed and harmed through this process. I got divorced in April 2017 and my relationship with my family also took significant strain. The 18 months-plus of stress was too much, I guess.”&lt;/p&gt;

&lt;p&gt;But while it’s been rough, she finally has a job. There are no regrets today. If anything, Goodson says, she wishes she had opened up sooner.&lt;/p&gt;

&lt;p&gt;Goodson counts among her blessings the experience she had with PPLAAF: “Had it not been for PPLAAF I probably would not have disclosed my information and (am) not sure where I would find myself today.”&lt;/p&gt;

&lt;p&gt;Her advice to others contemplating the whistle-blowing journey is to overcome the fear, however paralysing it can seem.&lt;/p&gt;

&lt;p&gt;“Doing the right thing is never, ever easy. If you find yourself in a situation such as mine, it’s probably because you have the strength to deal with it.”&lt;/p&gt;

&lt;h2 id=&quot;south-african-whistle-blowers-outside-state-capture-cases-have-it-harder&quot;&gt;South African whistle-blowers outside State Capture cases have it harder&lt;/h2&gt;

&lt;p&gt;Launched in March 2017, PPLAAF allows African whistle-blowers to make anonymous submissions, receive legal protection, and publish what they want to make public. It is a particularly vital service on a continent where only seven countries have laws protecting whistle-blowers – which are often inadequate in practice.&lt;/p&gt;

&lt;p&gt;“In South Africa we have a very strong culture of whistle-blowing right now, due to the State Capture case,” says PPLAAF director Khadija Sharife.&lt;/p&gt;

&lt;p&gt;“But we also have whistle-blowers who are not involved in [cases relating to] State Capture who are having a hard time. The State Capture whistle-blowers are getting a certain amount of protection, but this is not extending more widely.”&lt;/p&gt;

&lt;p&gt;For whistle-blowers to receive the necessary protection, Sharife says they need an independent Public Protector, capable government investigative arms, and the ability to engage with other pieces of legislation to do with labour law and witness protection.&lt;/p&gt;

&lt;p&gt;“All these related laws need to be strong, too,” Sharife says. “It’s a real litmus test of our democracy in South Africa: are we who we say we are?”&lt;/p&gt;

&lt;p&gt;When PPLAAF receives whistle-blowing information, it turns it over to its forensic research staff for a thorough vetting before deciding how best to channel the information. Potential options are to share it with Parliament, with civil society, or with media. For Sharife, the latter option is often the best.&lt;/p&gt;

&lt;p&gt;“Journalists serve as the historians of our time,” says Sharife. “They are the most effective way of covering a subject in context.”&lt;/p&gt;

&lt;h2 id=&quot;the-editors-experience-protect-whistle-blowers-at-all-costs&quot;&gt;The Editors’ experience: Protect whistle-blowers at all costs&lt;/h2&gt;

&lt;p&gt;When a group like PPLAAF or an individual whistle-blower approaches a media outlet with damning information, a weighty responsibility falls upon an editor’s head.&lt;/p&gt;

&lt;p&gt;This was the situation faced by Daily Maverick editor Branko Brkic when dealing with the persons in possession of what we now know as the #GuptaLeaks emails – who can still not be named for their own protection.&lt;/p&gt;

&lt;p&gt;“Once they do the whistle-blowing, their life is in danger – whereas your life as a journalist will be relatively okay,” Brkic says. “You have to put yourself in their shoes and realise how much they risk, particularly when they are motivated only by a desire to right the wrongs.”&lt;/p&gt;

&lt;p&gt;Brkic says that protecting the identity of the #GuptaLeaks whistle-blowers was his first priority. The journalists on the award-winning team which worked on the email trove still do not know their provenance.&lt;/p&gt;

&lt;p&gt;“You have to limit your communication [with the whistle-blowers]. You have to make sure you are using a secure communication channel. And most important, you have to make sure that they are physically safe,” Brkic says.&lt;/p&gt;

&lt;h2 id=&quot;suzanne-daniels-not-your-average-whistle-blower&quot;&gt;Suzanne Daniels: Not your average whistle-blower&lt;/h2&gt;

&lt;p&gt;&lt;img class=&quot;img-responsive img-post&quot; src=&quot;/img/posts/suzanne-daniels-eskom.png&quot; /&gt;&lt;/p&gt;

&lt;p&gt;“Suzanne Daniels has that ‘don’t mess with me’ kind of thing about her.” So says a member of the public after watching her on TV giving evidence in the parliamentary hearing into Eskom.&lt;/p&gt;

&lt;p&gt;Those who have met Daniels would probably agree. Beneath that pleasant demeanour there is a steely resolve: a sense of knowing what’s at play and what’s at stake. The now-suspended Eskom company secretary is a lawyer with years of experience, and she has fight-back written all over her.&lt;/p&gt;

&lt;p&gt;Attempted burglary, tick. Smash-and-grab incident, tick. Suspicious cars following her, tick. These are only some of the bizarre incidents Daniels endured shortly before she headed to Parliament to testify. And while she has no proof that these are linked to her decision to reveal what she knows, she has her suspicions.&lt;/p&gt;

&lt;p&gt;It took Daniels longer to speak up because, she admits, it had taken her longer to “connect the dots”. And the safety of her daughter – who was the victim of the smash-and-grab incident – was paramount for her.&lt;/p&gt;

&lt;p&gt;Before she fell out of favour, Daniels had a front-row seat in the Eskom boardroom. While on the inside, she did what needed to be done, believing she was acting in the interests of the parastatal.&lt;/p&gt;

&lt;p&gt;Some of her disgraced executive colleagues must rue the day she flipped – for she would come to deliver some devastating blows, revealing the Gupta hand in Eskom matters including staff suspensions and the management of former CEO Brian Molefe’s pension debacle.&lt;/p&gt;

&lt;p&gt;Daniels admits that initially she was unconvinced that a few individuals could wield such power.&lt;/p&gt;

&lt;p&gt;“Then there was one particular meeting I attended at Eskom in late 2016, which I have identified as the trigger to my shift in the manner in which I viewed things,” Daniels says.&lt;/p&gt;

&lt;p&gt;“My sense then was that there was an alternate force at play and that what I had witnessed was a well orchestrated pantomime to lend legitimacy to the ultimate course.”&lt;/p&gt;

&lt;p&gt;She says that while the firing of former Finance Minister Nhlanhla Nene initially sparked questions for her, what catalysed her concerns was the release of the State of Capture report by former Public Protector Thuli Madonsela.&lt;/p&gt;

&lt;p&gt;“The observations were too many to just write off as speculation,” Daniels says, with those implicated not providing plausible explanations.&lt;/p&gt;

&lt;p&gt;And – says the woman who told Parliament about the strange tea party at a Melrose Arch apartment where Ajay Gupta, Duduzane Zuma, and deputy minister Ben Martins allegedly sat waiting for her one day – she never meant to mess with the Gupta empire.&lt;/p&gt;

&lt;p&gt;“My sole aim was to ensure that my self-respect as a proud South African is restored, and that one way of restoring that was to ensure that the people responsible for large-scale thievery and exploitation are held to account.” 
&lt;br /&gt;&lt;/p&gt;

&lt;hr /&gt;
&lt;p&gt;From &lt;a href=&quot;https://www.dailymaverick.co.za/article/2017-12-21-2017-daily-maverick-south-african-persons-of-the-year-the-whistle-blowers/#.WjyIz7-oTD&quot; target=&quot;_blank&quot;&gt;2017 Daily Maverick South African Persons of the Year: The Whistle-blowers – Daily Maverick&lt;/a&gt;&lt;/p&gt;

&lt;hr /&gt;

&lt;h3 id=&quot;to-follow-pplaaf-follow-its-profiles&quot;&gt;To follow PPLAAF, follow its profiles:&lt;/h3&gt;
&lt;ul&gt;
  &lt;li&gt;Facebook: &lt;a href=&quot;https://www.facebook.com/PPLAAF/&quot;&gt;https://www.facebook.com/PPLAAF/&lt;/a&gt;&lt;/li&gt;
  &lt;li&gt;Twitter: &lt;a href=&quot;https://twitter.com/pplaaf&quot;&gt;@pplaaf&lt;/a&gt;&lt;/li&gt;
&lt;/ul&gt;

&lt;h3 id=&quot;for-further-information-please-contact&quot;&gt;For further information, please contact:&lt;/h3&gt;
&lt;ul&gt;
  &lt;li&gt;&lt;a href=&quot;mailto:info@pplaaf.org&quot;&gt;info@pplaaf.org&lt;/a&gt;&lt;/li&gt;
&lt;/ul&gt;

&lt;hr /&gt;
&lt;p&gt;&lt;a href=&quot;https://www.dailymaverick.co.za/article/2017-12-21-2017-daily-maverick-south-african-persons-of-the-year-the-whistle-blowers/#.WjyIz7-oTD&quot; target=&quot;_blank&quot;&gt;2017 Daily Maverick South African Persons of the Year: The Whistle-blowers – Daily Maverick&lt;/a&gt;&lt;/p&gt;</content><author><name>Jessica Bezuidenhout &amp; Rebecca Davis</name></author><category term="featured" /><category term="SouthAfrica" /><summary type="html">In 2017, the horrifying extent of State Capture finally became clearer to the South African public. And we would still be languishing in the dark were it not for the whistle-blowers</summary><media:thumbnail xmlns:media="http://search.yahoo.com/mrss/" url="https://pplaaf.org/dm-2017poy.jpg" /></entry><entry><title type="html">Nigeria – Court orders that a suspended whistleblower be recalled and reinstated</title><link href="https://pplaaf.org/2017/11/30/nigeria-court-orders-whistleblower-reinstation.html" rel="alternate" type="text/html" title="Nigeria – Court orders that a suspended whistleblower be recalled and reinstated" /><published>2017-11-30T00:00:00+02:00</published><updated>2017-11-30T00:00:00+02:00</updated><id>https://pplaaf.org/2017/11/30/nigeria-court-orders-whistleblower-reinstation</id><content type="html" xml:base="https://pplaaf.org/2017/11/30/nigeria-court-orders-whistleblower-reinstation.html">&lt;!-- &lt;img class=&quot;img-responsive img-post center-block&quot; src=&quot;/img/posts/saftu.jpg&quot;&gt;  --&gt;
&lt;!-- &lt;br&gt; --&gt;

&lt;p&gt;(Abuja, November 30th, 2017) – The court decision to recall and reinstate Aaron Kaase, the suspended  Principal Administrative officer with the Police Services Commission (PSC) for having disclosed alleged fraud against the PSC’s current Chair - Mike Okiro, sends a strong signal to whistleblowers in Nigeria, said the Platform to Protect Whistleblowers in Africa (PPLAAF) today. Kaase’s disclosure was made to the relevant authorities in Nigeria. Kaase’s case was won on the basis of labor law rather than whistleblower protection.&lt;/p&gt;

&lt;p&gt;PPLAAF and the Human and Environmental Development Agenda (HEDA) have been assisting Kaase in his case.&lt;/p&gt;

&lt;p&gt;&lt;a href=&quot;../../../downloads/COURT-JUDGEMENT.pdf&quot;&gt;In a 10-page judgement&lt;/a&gt;, Justice R.B. Hastrup of the National Industrial Court sitting in Abuja held that the PSC denied Kaase, a whistleblower, the constitutionally guaranteed right to fair hearing. The PSC also did not follow the laid down disciplinary procedures before arbitrarily suspending him indefinitely and without pay.&lt;/p&gt;

&lt;p&gt;The suspension - declared by the court as null, void and of no effect – directed the Commission to immediately reinstate him to resume normal duties. Kaase was awarded all salaries and benefits owed to him during the period of unfair suspension.&lt;/p&gt;

&lt;p&gt;&lt;em&gt;“This decision sends a strong message: no one should be the victim of reprisals when one does the right thing by disclosing information about an illicit or illegal activity or an activity which goes against public interest”, said &lt;a href=&quot;https://pplaaf.org/who-we-are.html&quot;&gt;William Bourdon&lt;/a&gt;, president of PPLAAF. “The Police Service Commission should have thanked Kaase for what he did and triggered an investigation on the basis of his disclosure. But instead of thanking him, they fired him”.&lt;/em&gt;&lt;/p&gt;

&lt;p&gt;The case is important for it spoke to the integrity of a unit designed to be the watchdog of the police force but whose leadership, it appeared, preferred not to be scrutinized. In May 2015, Kaase, a senior officer with the Police Service Commission petitioned both the Independent Corrupt Practices Commission (ICPC) and the Economic and the Financial Crimes Commission (EFCC) alleging fraud of over 275 million Nairas (about 645,000 euros) against Mike Okiro then-Inspector General of Police. Okiro currently serves as the Chair of the PSC.&lt;/p&gt;

&lt;p&gt;According to Kaase’s disclosure and the ICPC investigations, the PSC had received 350 million Nairas (about 821,000 euros) from the National Security Agency to train its staff members on monitoring of police conduct during the elections. The PSC had budgeted for the training of 900 staff and to conduct trainings in Abuja, Lagos and Kano. Yet the entire force was little more than 400 people. The “mock trainings” were organized in Nasarawa State instead of in Kano, Lagos and Abuja.&lt;/p&gt;

&lt;p&gt;After his disclosure, Mr. Kaase was arrested, detained and harassed.&lt;/p&gt;

&lt;p&gt;In late 2015, &lt;a href=&quot;../../../downloads/ICPC-report.pdf&quot;&gt;the ICPC published a report&lt;/a&gt; on Kaase’s petition directing the PSC to refund the sum of 133 million nairas (about 312,000 euros) to its recovery account. The ICPC curiously found no criminal infraction on the person of Okiro though Emmanuel Ibe, Director Administration and Finance of PSC was charged with 10 counts of fraud in a Nigerian court.&lt;/p&gt;

&lt;p&gt;Kaase still faces what has been described as “trumped up” charges by Okiro. That case will adjourn in Nigeria’s Federal High Court on 22 January 2018.&lt;/p&gt;

&lt;p&gt;&lt;em&gt;“This decision of National Industrial Court (NIC) is a major boost in the promotion of whistleblowing and protection of the blowers. It is a clear assertion of the rule of law over and above the rule of looters,” said Olanrewaju Suraju of Nigeria’s Civil Society Network Against Corruption and HEDA.  He went on to say, “The forthcoming criminal charges against Aaron Kaase, orchestrated by criminal elements in High places, are also bound to fail.”&lt;/em&gt;&lt;/p&gt;

&lt;p&gt;In Nigeria, many revelations on corruptive activities have recently been made possible thanks to whistleblowers despite a proper law protecting them. PPLAAF has been &lt;a href=&quot;https://pplaaf.org/2017/06/15/nigerian-parliament.html&quot;&gt;helping&lt;/a&gt; Nigerian parliamentarians to adopt a strong and progressive bill to protect whistleblowers.&lt;/p&gt;

&lt;p&gt;&lt;br /&gt;
PPLAAF &lt;br /&gt;
October 19th 2017 &lt;br /&gt;
&lt;a href=&quot;mailto:info@pplaaf.org&quot;&gt;info@pplaaf.org&lt;/a&gt;&lt;/p&gt;

&lt;p&gt;&lt;br /&gt;&lt;/p&gt;

&lt;hr /&gt;

&lt;h3 id=&quot;to-follow-pplaaf-follow-its-profiles&quot;&gt;To follow PPLAAF, follow its profiles:&lt;/h3&gt;
&lt;ul&gt;
  &lt;li&gt;Facebook: &lt;a href=&quot;https://www.facebook.com/PPLAAF/&quot;&gt;https://www.facebook.com/PPLAAF/&lt;/a&gt;&lt;/li&gt;
  &lt;li&gt;Twitter: &lt;a href=&quot;https://twitter.com/pplaaf&quot;&gt;@pplaaf&lt;/a&gt;&lt;/li&gt;
&lt;/ul&gt;

&lt;h3 id=&quot;for-further-information-please-contact&quot;&gt;For further information, please contact:&lt;/h3&gt;
&lt;ul&gt;
  &lt;li&gt;&lt;a href=&quot;mailto:info@pplaaf.org&quot;&gt;info@pplaaf.org&lt;/a&gt;&lt;/li&gt;
&lt;/ul&gt;

&lt;hr /&gt;</content><author><name>PPLAAF</name></author><category term="pressrelease" /><category term="featured" /><category term="Nigeria" /><summary type="html">A former Principal Administrative officer had been suspended by his hierarchy after disclosing to the authorities fraudulent activities</summary><media:thumbnail xmlns:media="http://search.yahoo.com/mrss/" url="https://pplaaf.org/pressrelease.png" /></entry><entry><title type="html">South Africa&amp;amp;#58 More Revelations on State Capture</title><link href="https://pplaaf.org/2017/11/10/capture-revelations.html" rel="alternate" type="text/html" title="South Africa&amp;#58 More Revelations on State Capture" /><published>2017-11-10T00:00:00+02:00</published><updated>2017-11-10T00:00:00+02:00</updated><id>https://pplaaf.org/2017/11/10/capture-revelations</id><content type="html" xml:base="https://pplaaf.org/2017/11/10/capture-revelations.html">&lt;p&gt;(Johannesburg, November 10th, 2017) – After publishing the Gupta Leaks with its partners, PPLAAF is now disclosing relevant documents of the former CEO of the Gupta-linked company Trillian, declared today &lt;a href=&quot;https://pplaaf.org&quot;&gt;PPLAAF&lt;/a&gt;, the Platform to Protect Whistleblowers in Africa.&lt;/p&gt;

&lt;p&gt;On October 31st and November 3rd, 2017, Bianca Goodson and Mosilo Mothepu, former CEOs of Gupta-linked Trillian, testified in South Africa’s parliamentary Portfolio Committee on Public Enterprises (“Eskom Inquiry”).&lt;/p&gt;

&lt;p&gt;&lt;em&gt;“By disclosing information on a massive fraudulent system to the Parliament and the public, Bianca Goodson and Mosilo Mothepu are showing to South Africa and to the World that whistleblowers are the modern watchdogs of democracy”&lt;/em&gt;, said &lt;a href=&quot;https://pplaaf.org/who-we-are.html&quot;&gt;William Bourdon&lt;/a&gt;, president of PPLAAF.&lt;/p&gt;

&lt;p&gt;Corroborating accounts coupled with annexures unravel the role of Trillian and key associates of the Gupta family in accessing insider information and allegedly in siphoning hundreds of millions of Dollars from state-owned entities such as Transnet and Eskom in collusion with Ministers and other public officials, as well as multinationals Testimonies were provided under the umbrella of parliamentary immunity.&lt;/p&gt;

&lt;p&gt;Goodson’s statement was previously &lt;a href=&quot;https://pplaaf.in/trillian-bg/&quot;&gt;released&lt;/a&gt; by PPLAAF on September 27th, 2017. On November 3rd, Goodson made accessible a &lt;a href=&quot;https://pplaaf.in/trillian-bg/files&quot;&gt;copy&lt;/a&gt; of her Trillian computer including emails. The disclosure contains contextual data that has been curated to protect personal information relating to Human resources matters and staff at Trillian and Goodson’s own personal life. As much as possible, information was curated to ensure that the privacy of Trillian’s former staff should be protected.&lt;/p&gt;

&lt;p&gt;Mothepu’s statement was provided to members of parliament and selected journalists. Mothepu continues to face criminal and civil charges laid by Trillian and has since been accused of perjury by Gupta-associate and Trillian CEO, Eric Wood.&lt;/p&gt;

&lt;p&gt;Following a request from the Honorable Acting Chair of the “Eskom Inquiry” to publish “selected extracts” of the Gupta Leaks, PPLAAF curated specific interactions around themes such as Eskom, Transnet, Ministers, Bell Pottinger, KPMG, SAA and Denel among others. These documents, which are meant to show interactions between key persons and entities, are &lt;a href=&quot;https://pplaaf.in/gleaks/&quot;&gt;publicly accessible&lt;/a&gt; for a period of ten days.&lt;/p&gt;

&lt;p&gt;PPLAAF complied with the request of the Parliament as it believes that it is important for citizens to directly access a glimpse of the information - showing how public officials, the Gupta family and their associates, are alleged to have interacted - to understand the depth and ease with which “State capture” occurred at the highest level of political power and influence.&lt;/p&gt;

&lt;p&gt;In partnership with &lt;a href=&quot;http://amabhungane.co.za/&quot;&gt;amaBhungane&lt;/a&gt; and &lt;a href=&quot;https://www.dailymaverick.co.za/&quot;&gt;Daily Maverick&lt;/a&gt; - original receivers of the Gupta Leaks alongside PPLAAF, the organization has opted to &lt;a href=&quot;http://amabhungane.co.za/article/2017-11-10-guptaleaks-released-to-journalists-worldwide&quot;&gt;provide&lt;/a&gt; access to the Gupta Leaks via a single portal - Investigative Dashboard, which is available to global media via the Organised Crime and Corruption Reporting Project (&lt;a href=&quot;https://www.occrp.org/en&quot;&gt;OCCRP&lt;/a&gt;) with the support of &lt;a href=&quot;http://www.financeuncovered.org/&quot;&gt;Finance Uncovered&lt;/a&gt;.&lt;/p&gt;

&lt;p&gt;&lt;br /&gt;
PPLAAF &lt;br /&gt;
November 10th 2017 &lt;br /&gt;
&lt;a href=&quot;mailto:info@pplaaf.org&quot;&gt;info@pplaaf.org&lt;/a&gt;&lt;/p&gt;

&lt;p&gt;&lt;br /&gt;&lt;/p&gt;

&lt;hr /&gt;

&lt;h3 id=&quot;to-follow-pplaaf-follow-its-profiles&quot;&gt;To follow PPLAAF, follow its profiles:&lt;/h3&gt;
&lt;ul&gt;
  &lt;li&gt;Facebook: &lt;a href=&quot;https://www.facebook.com/PPLAAF/&quot;&gt;https://www.facebook.com/PPLAAF/&lt;/a&gt;&lt;/li&gt;
  &lt;li&gt;Twitter: &lt;a href=&quot;https://twitter.com/pplaaf&quot;&gt;@pplaaf&lt;/a&gt;&lt;/li&gt;
&lt;/ul&gt;

&lt;h3 id=&quot;for-further-information-please-contact&quot;&gt;For further information, please contact:&lt;/h3&gt;
&lt;ul&gt;
  &lt;li&gt;In Paris, William Bourdon (French, English): &lt;a href=&quot;mailto:w.bourdon@bourdon-associes.com&quot;&gt;w.bourdon@bourdon-associes.com&lt;/a&gt; or + 33 1 42 60 32 60&lt;/li&gt;
  &lt;li&gt;In Johannesburg, Khadija Sharife (English): &lt;a href=&quot;mailto:ksharife@gmail.com&quot;&gt;ksharife@gmail.com&lt;/a&gt; or + 27 (71) 688 62 76&lt;/li&gt;
&lt;/ul&gt;

&lt;hr /&gt;</content><author><name>PPLAAF</name></author><category term="pressrelease" /><summary type="html">Gupta Leaks and Trillian Whistleblower’s Data Now Available</summary><media:thumbnail xmlns:media="http://search.yahoo.com/mrss/" url="https://pplaaf.org/pressrelease.png" /></entry><entry><title type="html">GuptaLeaks to be released to journalists worldwide</title><link href="https://pplaaf.org/2017/11/09/gleaks-journalist-release.html" rel="alternate" type="text/html" title="GuptaLeaks to be released to journalists worldwide" /><published>2017-11-09T00:00:00+02:00</published><updated>2017-11-09T00:00:00+02:00</updated><id>https://pplaaf.org/2017/11/09/gleaks-journalist-release</id><content type="html" xml:base="https://pplaaf.org/2017/11/09/gleaks-journalist-release.html">&lt;!-- &lt;img class=&quot;img-responsive img-post center-block&quot; src=&quot;/img/posts/gupta-leaks-1.png&quot;&gt;  --&gt;
&lt;!-- &lt;br&gt; --&gt;

&lt;p&gt;The &lt;a href=&quot;http://www.occrp.org/&quot;&gt;Organised Crime and Corruption Reporting Project&lt;/a&gt;, &lt;a href=&quot;http://www.dailymaverick.co.za/&quot;&gt;Daily Maverick&lt;/a&gt;, &lt;a href=&quot;http://www.amabhungane.co.za/&quot;&gt;amaBhungane Centre for Investigative Journalism&lt;/a&gt; and &lt;a href=&quot;http://www.pplaaf.org/&quot;&gt;Platform for the Protection of Whistleblowers in Africa&lt;/a&gt; have launched today an online facility for sharing a large data trove at the centre of an international corruption and money laundering scandal.&lt;/p&gt;

&lt;p&gt;The #GuptaLeaks contain hundreds of thousands of emails and other documents evidencing how three businessman brothers, the Guptas, have “captured” political decision-making in South Africa, benefited from state contracts and allegedly laundered [billions of rands] [hundreds of millions of Dollars/Euros] offshore. The Guptas are friends of South African President Jacob Zuma and in business with his son Duduzane.&lt;/p&gt;

&lt;p&gt;The scandal has reverberated internationally, implicating multinationals who facilitated or turned a blind eye to the Guptas’ allegedly criminal ventures. These include reputation management company Bell Pottinger, which has gone into administration, auditing firm KPMG, consultants McKinsey &amp;amp; Co and software giant SAP. Authorities in the US, UK and Dubai are reportedly investigating.&lt;/p&gt;

&lt;p&gt;The Daily Maverick’s Scorpio investigative unit and investigative non-profit amaBhungane have led reporting on the story in South Africa. The releasing partners feel that the data needs to be accessible to journalists widely given the potential for collaboration to expose the full extent of the wrongdoing.&lt;/p&gt;

&lt;p&gt;Qualifying journalists will receive password-protected access to the data. Apply here:&lt;/p&gt;
&lt;ul&gt;
  &lt;li&gt;Africa and Middle East: &lt;a href=&quot;mailto:admin@amabhungane.org&quot;&gt;admin@amabhungane.org&lt;/a&gt;&lt;/li&gt;
  &lt;li&gt;Americas, Eastern Europe and Asia: &lt;a href=&quot;mailto:drew@occrp.org&quot;&gt;drew@occrp.org&lt;/a&gt;&lt;/li&gt;
  &lt;li&gt;UK and Western Europe: &lt;a href=&quot;mailto:lionel@financeuncovered.org&quot;&gt;lionel@financeuncovered.org&lt;/a&gt;&lt;/li&gt;
&lt;/ul&gt;

&lt;p&gt;Please include your name, publication name, contact details and a very brief bio. If a freelancer, please indicate likely publication partner.&lt;/p&gt;

&lt;h2 id=&quot;about-us&quot;&gt;About us&lt;/h2&gt;
&lt;p&gt;The Organised Crime and Corruption Reporting Project (OCCRP) is an investigative reporting platform comprised of non-profit investigative centers, scores of journalists and several major regional news organizations around the globe including Latin America, Asia, Africa and Europe.&lt;/p&gt;

&lt;p&gt;The Daily Maverick is South Africa’s leading online daily and Scorpio is its investigative unit.&lt;/p&gt;

&lt;p&gt;The amaBhungane Centre for Investigative Journalism is a South African non-profit that develops investigative journalism through its best practice, helping others do the same, and information rights advocacy.&lt;/p&gt;

&lt;p&gt;The Platform for the Protection of Whistleblowers in Africa (Pplaaf) is a non-profit organisation designed to protect African whistleblowers from prosecution. Founded by Advocate William Bourdon, it provides legal strategy and funding assistance to whistleblowers, initiates and supports relevant legal cases and provides research and advocacy on legislation.&lt;/p&gt;

&lt;p&gt;&lt;br /&gt;
PPLAAF &lt;br /&gt;
November 10th 2017 &lt;br /&gt;
&lt;a href=&quot;mailto:info@pplaaf.org&quot;&gt;info@pplaaf.org&lt;/a&gt;&lt;/p&gt;

&lt;p&gt;&lt;br /&gt;&lt;/p&gt;

&lt;hr /&gt;

&lt;h3 id=&quot;to-follow-pplaaf-follow-its-profiles&quot;&gt;To follow PPLAAF, follow its profiles:&lt;/h3&gt;
&lt;ul&gt;
  &lt;li&gt;Facebook: &lt;a href=&quot;https://www.facebook.com/PPLAAF/&quot;&gt;https://www.facebook.com/PPLAAF/&lt;/a&gt;&lt;/li&gt;
  &lt;li&gt;Twitter: &lt;a href=&quot;https://twitter.com/pplaaf&quot;&gt;@pplaaf&lt;/a&gt;&lt;/li&gt;
&lt;/ul&gt;

&lt;h3 id=&quot;for-further-information-please-contact&quot;&gt;For further information, please contact:&lt;/h3&gt;
&lt;ul&gt;
  &lt;li&gt;In Paris, William Bourdon (French, English): &lt;a href=&quot;mailto:w.bourdon@bourdon-associes.com&quot;&gt;w.bourdon@bourdon-associes.com&lt;/a&gt; or + 33 1 42 60 32 60&lt;/li&gt;
  &lt;li&gt;In Johannesburg, Khadija Sharife (English): &lt;a href=&quot;mailto:ksharife@gmail.com&quot;&gt;ksharife@gmail.com&lt;/a&gt; or + 27 (71) 688 62 76&lt;/li&gt;
&lt;/ul&gt;

&lt;hr /&gt;</content><author><name>PPLAAF</name></author><summary type="html">OCCRP, Daily Maverick, and PPLAAF launch an online facility for sharing the GuptaLeaks.</summary><media:thumbnail xmlns:media="http://search.yahoo.com/mrss/" url="https://pplaaf.org/gupta-leaks-1.png" /></entry><entry><title type="html">South Africa whistleblower complains of political persecution</title><link href="https://pplaaf.org/2017/11/08/sa-whistleblower-persecution.html" rel="alternate" type="text/html" title="South Africa whistleblower complains of political persecution" /><published>2017-11-08T00:00:00+02:00</published><updated>2017-11-08T00:00:00+02:00</updated><id>https://pplaaf.org/2017/11/08/sa-whistleblower-persecution</id><content type="html" xml:base="https://pplaaf.org/2017/11/08/sa-whistleblower-persecution.html">&lt;!-- &lt;img class=&quot;img-responsive img-post center-block&quot; src=&quot;/img/posts/mckinsey-4.jpg&quot;&gt;  --&gt;

&lt;p&gt;Mosilo Mothepu, a former executive at Trillian Capital, a company that was owned by an associate of the powerful Gupta family until this year, confidentially told a state ombudsman last year that the firm had known in advance that President Jacob Zuma would sack Nhlanhla Nene as finance minister in 2015.&lt;/p&gt;

&lt;p&gt;Mr Nene’s abrupt replacement by a little-known backbencher triggered market turmoil until Mr Zuma reversed course within days and named veteran finance minister Pravin Gordhan to the Treasury.&lt;/p&gt;

&lt;p&gt;Ms Mothepu’s disclosures over the episode have been at the heart of allegations — strengthened by the firing of Mr Gordhan earlier this year — that the Guptas used a friendship with Mr Zuma to influence cabinet appointments and state contracts.&lt;/p&gt;

&lt;p&gt;Speaking for the first time publicly to the Financial Times before giving her testimony to a South African parliamentary inquiry on Tuesday, the former executive said that she was pushed to the brink of losing her home over legal bills and being frozen out of the job market after leaving Trillian.&lt;/p&gt;

&lt;p&gt;“It has cost my career, my reputation,” she said, adding: “I feared for my life.”&lt;/p&gt;

&lt;p&gt;Her plight will underline concerns that a culture of impunity has impeded investigation of so-called state capture in South Africa, including intimidation of companies reliant on government contracts and weak legal protection for whistleblowers.&lt;/p&gt;
&lt;blockquote&gt;
  &lt;p&gt;&lt;span class=&quot;post-blockquote&quot;&gt;
It has cost my career, my reputation. I feared for my life
&lt;br /&gt;
&lt;span class=&quot;post-blockquote-ref&quot;&gt;
Mosilo Mothepu, whistleblower and former Trillian Capital executive
&lt;/span&gt;
&lt;/span&gt;&lt;/p&gt;
&lt;/blockquote&gt;

&lt;p&gt;Despite the scandal entangling international companies including McKinsey and KPMG and prompting an FBI investigation into US links, no individual has been charged in South Africa over the evidence of high-level corruption.&lt;/p&gt;

&lt;p&gt;Mr Zuma and the Guptas deny all wrongdoing in the scandal, which has plunged his ruling African National Congress into its biggest post-apartheid political crisis.&lt;/p&gt;

&lt;p&gt;After a leak of her disclosure last year to Thuli Madonsela, then the public protector, Trillian described Ms Mothepu as a “disgruntled former employee who, therefore, cannot be a whistleblower in the legal sense of the word”. Trillian was until this year owned by Salim Essa, a business associate of the Guptas.&lt;/p&gt;

&lt;p&gt;The firm subsequently filed criminal charges against her with South African police that included alleged extortion, corruption, and theft of information.&lt;/p&gt;

&lt;p&gt;Ms Mothepu said the police officer investigating the charges told her that “given who these people are, and the political environment”, her case was being expedited for state prosecutors to review. She added that the legal limbo harmed her job prospects despite 15 years of experience in financing infrastructure projects.&lt;/p&gt;

&lt;p&gt;“Either I don’t even make it to the first round [of job interviews] because they see Trillian on my CV, or we have very uncomfortable, but frank and honest conversations about my criminal charges [and] how will that look for their own reputation,” she said.&lt;/p&gt;

&lt;p&gt;“The private sector tells me I’m a political risk and half their revenue comes from the government,” Ms Mothepu said. They say “if it hears that they’ve hired me they may lose those contracts”, she added.&lt;/p&gt;

&lt;p&gt;The Platform for the Protection of Whistleblowers in Africa, an international NGO, is assisting Ms Mothepu with legal costs and representation.&lt;/p&gt;

&lt;p&gt;&lt;br /&gt;
&lt;br /&gt;&lt;/p&gt;

&lt;hr /&gt;

&lt;h3 id=&quot;to-follow-pplaaf-follow-its-profiles&quot;&gt;To follow PPLAAF, follow its profiles:&lt;/h3&gt;
&lt;ul&gt;
  &lt;li&gt;Facebook: &lt;a href=&quot;https://www.facebook.com/PPLAAF/&quot;&gt;https://www.facebook.com/PPLAAF/&lt;/a&gt;&lt;/li&gt;
  &lt;li&gt;Twitter: &lt;a href=&quot;https://twitter.com/pplaaf&quot;&gt;@pplaaf&lt;/a&gt;&lt;/li&gt;
&lt;/ul&gt;

&lt;h3 id=&quot;for-further-information-please-contact&quot;&gt;For further information, please contact:&lt;/h3&gt;
&lt;ul&gt;
  &lt;li&gt;In Paris, William Bourdon (French, English): &lt;a href=&quot;mailto:w.bourdon@bourdon-associes.com&quot;&gt;w.bourdon@bourdon-associes.com&lt;/a&gt; or + 33 1 42 60 32 60&lt;/li&gt;
  &lt;li&gt;In Paris, Henri Thulliez (French, English): &lt;a href=&quot;mailto:henri.thulliez@gmail.com&quot;&gt;henri.thulliez@gmail.com&lt;/a&gt; or + 33 6 98 04 66 72&lt;/li&gt;
  &lt;li&gt;In Johannesburg, Khadija Sharife (English): &lt;a href=&quot;mailto:ksharife@gmail.com&quot;&gt;ksharife@gmail.com&lt;/a&gt; or + 27 (71) 688 62 76&lt;/li&gt;
&lt;/ul&gt;

&lt;hr /&gt;</content><author><name>Joseph Cotterill</name></author><summary type="html">Former executive to give ‘state capture’ evidence before parliamentary inquiry</summary><media:thumbnail xmlns:media="http://search.yahoo.com/mrss/" url="https://pplaaf.org/zuma1.jpg" /></entry><entry><title type="html">SAFTU Takes on Corruption - Press Release</title><link href="https://pplaaf.org/2017/10/19/saftu-pressrelease.html" rel="alternate" type="text/html" title="SAFTU Takes on Corruption - Press Release" /><published>2017-10-19T00:00:00+02:00</published><updated>2017-10-19T00:00:00+02:00</updated><id>https://pplaaf.org/2017/10/19/saftu-pressrelease</id><content type="html" xml:base="https://pplaaf.org/2017/10/19/saftu-pressrelease.html">&lt;!-- &lt;img class=&quot;img-responsive img-post center-block&quot; src=&quot;/img/posts/saftu.jpg&quot;&gt;  --&gt;
&lt;!-- &lt;br&gt; --&gt;

&lt;p&gt;Up until South Africa’s largest union federation, SAFTU, took on ‘state capture’ in the courts, the loudest legal voices raised against this nefarious phenomenon were from within the business community and middle-class NGOs.&lt;/p&gt;

&lt;p&gt;As valuable and brave as their activism is (we think here specifically of people like Magda Wierzycka and organisations like OUTA), their work was susceptible to the insidious critique that the anti-corruption fight was mainly a middle-class concern.&lt;/p&gt;

&lt;p&gt;&lt;img class=&quot;image-responsive img-right&quot; src=&quot;/img/posts/saftu2.jpg&quot; width=&quot;320px&quot; /&gt;SAFTU and its 700000 mainly black working class members have now very publicly joined the lawfare against corruption in South Africa. They have firmly placed prosecuting authorities on terms to take action against the Gupta family and others who are widely perceived to corruptly benefit from a close relationship with President Zuma.&lt;/p&gt;

&lt;p&gt;And this locates the costs of corruption at its true centre. The working class and the poor suffer the most. SAFTU’s leading role also deprives the race-baiters who make up President Zuma’s advance guard of supporters of a convenient alibi. This is that the accusations about corruption come from the rich and white communities.&lt;/p&gt;

&lt;p&gt;SAFTU also has the capacity to take their fight to places that other organisations do not: to the streets in large numbers, to workplaces and communities. In so doing, a united front is composed of many forces fighting against the corrosive effects of corruption and for the survival of South Africa’s hard won democracy.&lt;/p&gt;

&lt;p&gt;PPLAAF is proud to be a sponsor of this legal initiative, driven and controlled by SAFTU, but started and augmented by our own lawyers and researchers.&lt;/p&gt;

&lt;p&gt;Integral to the case brought by SAFTU are two whistleblowers PPLAAF has been privileged to support and fund. The SAFTU court case thus forms part of our modus at PPLAAF. We bring together whistleblower and social agents to bring about true change.&lt;/p&gt;

&lt;p&gt;For we believe that it is not enough to simply report corruption that whistleblowers bravely expose. We seek to aggressively litigate using the information they have risked their lives to unearth to demonstrate to others that whistleblowing can and does make a difference.&lt;/p&gt;

&lt;p&gt;&lt;br /&gt;
PPLAAF &lt;br /&gt;
October 19th 2017 &lt;br /&gt;
&lt;a href=&quot;mailto:info@pplaaf.org&quot;&gt;info@pplaaf.org&lt;/a&gt;&lt;/p&gt;

&lt;p&gt;&lt;br /&gt;&lt;/p&gt;

&lt;hr /&gt;

&lt;h3 id=&quot;to-follow-pplaaf-follow-its-profiles&quot;&gt;To follow PPLAAF, follow its profiles:&lt;/h3&gt;
&lt;ul&gt;
  &lt;li&gt;Facebook: &lt;a href=&quot;https://www.facebook.com/PPLAAF/&quot;&gt;https://www.facebook.com/PPLAAF/&lt;/a&gt;&lt;/li&gt;
  &lt;li&gt;Twitter: &lt;a href=&quot;https://twitter.com/pplaaf&quot;&gt;@pplaaf&lt;/a&gt;&lt;/li&gt;
&lt;/ul&gt;

&lt;h3 id=&quot;for-further-information-please-contact&quot;&gt;For further information, please contact:&lt;/h3&gt;
&lt;ul&gt;
  &lt;li&gt;In Paris, William Bourdon (French, English): &lt;a href=&quot;mailto:w.bourdon@bourdon-associes.com&quot;&gt;w.bourdon@bourdon-associes.com&lt;/a&gt; or + 33 1 42 60 32 60&lt;/li&gt;
  &lt;li&gt;In Johannesburg, Khadija Sharife (English): &lt;a href=&quot;mailto:ksharife@gmail.com&quot;&gt;ksharife@gmail.com&lt;/a&gt; or + 27 (71) 688 62 76&lt;/li&gt;
&lt;/ul&gt;

&lt;hr /&gt;</content><author><name>PPLAAF</name></author><category term="pressrelease" /><summary type="html">SAFTU and its 700000 mainly black working class members have now very publicly joined the lawfare against corruption in South Africa.</summary><media:thumbnail xmlns:media="http://search.yahoo.com/mrss/" url="https://pplaaf.org/pressrelease.png" /></entry><entry><title type="html">The McKinsey dossier part 4 – bending over backwards for Trillian</title><link href="https://pplaaf.org/2017/10/11/mckinsey-4.html" rel="alternate" type="text/html" title="The McKinsey dossier part 4 – bending over backwards for Trillian" /><published>2017-10-11T00:00:00+02:00</published><updated>2017-10-11T00:00:00+02:00</updated><id>https://pplaaf.org/2017/10/11/mckinsey-4</id><content type="html" xml:base="https://pplaaf.org/2017/10/11/mckinsey-4.html">&lt;!-- &lt;img class=&quot;img-responsive img-post center-block&quot; src=&quot;/img/posts/mckinsey-4.jpg&quot;&gt;  --&gt;

&lt;p&gt;&lt;br /&gt;
&lt;strong&gt;Eskom paid Trillian R595-million without a valid contract while lying to the public about doing so. This is well established by now. But how the Gupta-linked company was sneaked onto Eskom’s payment system – a system designed to prevent fraud – has always been a mystery. A series of interviews and leaked documents show that suspended chief financial officer Anoj Singh and his management team stand accused of bending over backwards to get Trillian their payday, sometimes bullying mid-level officials into fabricating documents.&lt;/strong&gt;&lt;/p&gt;

&lt;hr /&gt;

&lt;p&gt;On 19 July 2017 Anoj Singh shared the stage with acting Eskom chair Zethemba Khoza for the public release of Eskom’s annual financial statements.&lt;/p&gt;

&lt;p&gt;Singh watched him flounder in response to media questions.&lt;/p&gt;

&lt;p&gt;Khoza couldn’t explain who authorised direct payments to Trillian, how the company was sneaked onto the Eskom payment system and to whom Trillian was actually contracted; an astounding admission, seeing that Khoza was member of the Eskom board tender committee at the time the Trillian agreements and invoices were authorised.&lt;/p&gt;

&lt;p&gt;Khoza did however promise an investigation into Eskom’s “relationship” with Trillian.&lt;/p&gt;

&lt;p&gt;He need not have looked far for answers. Singh seems to have had them all.&lt;/p&gt;

&lt;p&gt;Singh and his senior management team – Edwin Mabelane, Prish Govender and Charles Kalima – have been identified as key players in the Trillian debacle, which has also ensnared global consulting firm McKinsey.&lt;/p&gt;

&lt;p&gt;This emerges from Eskom’s own report, the explosive G9 Forensic interim report, and also from &lt;a href=&quot;https://www.dailymaverick.co.za/article/2017-09-29-scorpio-exclusive-eskoms-10-damning-draft-charges-against-anoj-singh/&quot;&gt;10 draft charges&lt;/a&gt; in the disciplinary process against Singh.&lt;/p&gt;

&lt;p&gt;Singh was suspended on Friday 29 September and Eskom confirmed on Monday 2 October that Singh’s colleagues, Govender, Mabelane and Kalima, also face suspension.&lt;/p&gt;

&lt;p&gt;Draft charges against Singh detail how Singh, Mabelane and Govender allegedly acted together over a period of months in order to ensure Trillian’s payday.&lt;/p&gt;

&lt;p&gt;Singh, Mabelane, Govender and Kalima now face disciplinary charges for allegedly misleading the board tender committee, breaching their fiduciary duties, unauthorised and irregular expenditure and financial misconduct.&lt;/p&gt;

&lt;p&gt;G9 Forensic also recommended criminal investigations be launched.&lt;/p&gt;

&lt;p&gt;The report is stinging in its criticism of Singh, saying he has a “case to answer”.&lt;/p&gt;

&lt;p&gt;Singh and his team “did not apply their minds”, “were hasty, ignored the better judgement of the [internal Eskom] legal team” and, considering the risks Eskom found itself in, “did not act decisively in the best interests of Eskom”, G9 Forensic said in its interim findings.&lt;/p&gt;

&lt;p&gt;“Whether by design, circumstance or other nefarious reasons, these Eskom officials continued to do business and deliberately and consciously allowed Trillian to provide services which it had not been contracted to do,” they allege.&lt;/p&gt;

&lt;p&gt;Singh did not answer specific questions put to him, but said he had not been interviewed by G9 Forensic investigators, nor had he seen their interim report.&lt;/p&gt;

&lt;p&gt;Scorpio showed Singh excerpts of the report, to which he responded that he had “always acted in good faith, in accordance with my delegation of authority and in terms of Eskom’s various charters and policies… all of which are subject to stakeholders’ scrutiny…”&lt;/p&gt;

&lt;p&gt;He did not respond in detail, but said: “With respect to allegations levelled against me… I do not believe it serves anyone’s interests to respond to myopic, cherry-picked bits of information peddled to the media to serve narrow interests.&lt;/p&gt;

&lt;p&gt;“I think it’s important for everyone in SA that all allegations be tested in an appropriate platform and not in the court of public opinion.”&lt;/p&gt;

&lt;h2 id=&quot;how-to-dodge-a-payment-system&quot;&gt;How to dodge a payment system&lt;/h2&gt;

&lt;p&gt;The G9 Forensic investigation was triggered when a whistle-blower, most probably an Eskom official, reported the irregular payment of an invoice for R152.76-million submitted by Trillian in December 2016.&lt;/p&gt;

&lt;p&gt;Eskom’s rush to effect payment – within one day – was described by the whistle-blower as extraordinary and unprocedural.&lt;/p&gt;

&lt;p&gt;It was enough to prompt Eskom’s assurance and forensic department to commission a preliminary investigation. G9 Forensic came in – and uncovered a hornet’s nest.&lt;/p&gt;

&lt;p&gt;To understand why, we need to take a step back and look at Eskom’s payment system.&lt;/p&gt;

&lt;p&gt;In order for any company to get paid, designated Eskom officials have to create a contract and upload valid, signed documentation as motivation. The documentation includes board authorisations and a contract between Eskom and its service provider.&lt;/p&gt;

&lt;p&gt;All invoices served under a designated contract must be linked to a purchase order, issued by Eskom before any work is done. The purchase order describes the services required in terms of the contract.&lt;/p&gt;

&lt;p&gt;It needs to correspond with the invoice issued by the supplier, normally done after the service is concluded.&lt;/p&gt;

&lt;p&gt;The system and policy procedures will not allow Eskom to pay a service provider in the absence of a purchase order.&lt;/p&gt;

&lt;p&gt;The payment system is designed to keep track of work done and payments made under designated contracts – in effect, to curb fraud and corruption.&lt;/p&gt;

&lt;p&gt;In Trillian’s case, the payment system was breached in totality. At least four Eskom officials admitted to feeling pressurised or manipulated to circumvent policy procedures at the behest of their superiors in favour of Trillian, including by allegedly fabricating purchase orders.&lt;/p&gt;

&lt;p&gt;In each case, the key role players were Singh and his management team of Mabelane, Govender and Kalima.&lt;/p&gt;

&lt;p&gt;Neither Mabelane, Govender, Kalima nor Eskom commented on specific questions relating to the allegations.&lt;/p&gt;

&lt;p&gt;Here’s how it happened.&lt;/p&gt;

&lt;h2 id=&quot;the-buddy-in-the-big-fish-tank&quot;&gt;The buddy in the ‘big fish tank’&lt;/h2&gt;

&lt;p&gt;Three independent Eskom sources have claimed that Singh conveyed the message to his management team that Trillian should enjoy special treatment.&lt;/p&gt;

&lt;p&gt;The first hint, a well placed senior Eskom source said, was when, towards the end of 2015, Trillian boss Eric Wood started to frequent the “big fish tank” on the third floor that housed the executive suites at Eskom’s Megawatt Park building in Midrand.&lt;/p&gt;

&lt;p&gt;The “big fish tank” (as some Eskom insiders call it) is a glass structure that was erected in an already well-secured area after former Eskom CEO Brian Molefe arrived. It housed the offices of Molefe and Singh as well as those of their assistants.&lt;/p&gt;

&lt;p&gt;The second hint was when a manager was instructed to provide key information to Singh on a treasury file that “Wood’s team was suddenly working on”, according to an Eskom source directly acquainted with the matter.&lt;/p&gt;

&lt;p&gt;Said the source: “This is when we realised Wood was brought in through the back door to partner with McKinsey, without our knowledge.”&lt;/p&gt;

&lt;p&gt;Singh did not answer questions in this regard.&lt;/p&gt;

&lt;h2 id=&quot;the-first-invoice&quot;&gt;The first invoice&lt;/h2&gt;

&lt;p&gt;The head of Trillian’s management consulting division, Bianca Goodson, purportedly addressed a pleading letter to Singh dated 29 January 2016, asking Eskom to pay Trillian directly, rather than via their big consulting partner, McKinsey.&lt;/p&gt;

&lt;p&gt;In anticipation of Singh’s favourable response, Trillian attached an invoice for R30.7-million for its 30% share of payment for preparing the Eskom “corporate plan”, a smaller contract that McKinsey had been awarded in September 2015.&lt;/p&gt;

&lt;p&gt;Trillian’s R30.7-million invoice seems to have bounced around Eskom for a while.&lt;/p&gt;

&lt;p&gt;In the meantime, McKinsey concluded its due diligence on Trillian and on 30 March 2016 informed Singh that the relationship would be terminated following a decision by McKinsey’s global risk committee.&lt;/p&gt;

&lt;p&gt;The absence of a contract between Eskom and Trillian, and with McKinsey pulling out of the deal, meant Trillian should have been out in the cold.&lt;/p&gt;

&lt;p&gt;Except it was not. Instead, Trillian was lining up its first payday.&lt;/p&gt;

&lt;p&gt;On 14 April, two weeks after McKinsey’s letter to Singh, Trillian’s R30.7-million invoice again landed in Singh’s inbox, according to an &lt;a href=&quot;http://amabhungane.co.za/article/2017-06-30-mckinsey-caught-up-in-trillian-lies&quot;&gt;earlier report on Trillian&lt;/a&gt; by Advocate Geoff Budlender.&lt;/p&gt;

&lt;p&gt;Mabelane and Govender authorised payment in record time and on the same day the invoice was stamped as “paid”.&lt;/p&gt;

&lt;p&gt;The draft charge sheet compiled in Singh’s disciplinary procedure was, again, withering about the incident: “… You directly received an invoice from Trillian for work done for your office… which you subsequently allowed to be paid by persons under your direct management control… notwithstanding the fact that there was no contractual relationship between Eskom and Trillian… This caused direct loss to Eskom and amounted to unauthorised expenditure and fruitless and wasteful expenditure and your role amounts to financial misconduct.”&lt;/p&gt;

&lt;h2 id=&quot;one-last-fling&quot;&gt;One last fling&lt;/h2&gt;

&lt;p&gt;By December 2016, the “contract finalisation process” between McKinsey and Eskom had already been terminated.&lt;/p&gt;

&lt;p&gt;The board tender committee, of which chairman Khoza was a member, authorised Singh, Mabelane and Govender to reach a settlement with McKinsey. At this stage Eskom had already paid McKinsey and Trillian R800-million as an “interim settlement”.&lt;/p&gt;

&lt;p&gt;The early termination of the McKinsey contract was a direct result of questions from Treasury.&lt;/p&gt;

&lt;p&gt;But on 13 December 2016 project leader Prish Govender and chief procurement officer Edwin Mabelane motivated another payment of R134-million to “the BBBEE partner”. This was Trillian, although McKinsey had explicitly disavowed Trillian in March.&lt;/p&gt;

&lt;p&gt;Nevertheless, the Eskom board tender committee at the time irregularly agreed to Govender and Mabelane’s request, according to an Eskom report to public enterprises minister Lynne Brown.&lt;/p&gt;

&lt;p&gt;On that same day Mabelane informed Trillian in a letter that a “contract review” somehow illuminated another R134-million that “is due to yourself”.&lt;/p&gt;

&lt;p&gt;On cue, Trillian fired off an invoice for R152.76-million, after adding VAT.&lt;/p&gt;

&lt;p&gt;The description of the services rendered were incredibly vague and listed as “procurement”, “primary energy”, “claims” and “generation”. This was the fourth invoice Trillian sent directly to Eskom.&lt;/p&gt;

&lt;p&gt;But Govender and Mabelane had a problem. Trillian wasn’t contracted to Eskom, &lt;a href=&quot;http://amabhungane.co.za/article/2017-10-03-guptleaks-the-mckinsey-dossier-part-2&quot;&gt;nor to McKinsey&lt;/a&gt;.&lt;/p&gt;

&lt;p&gt;There was no valid contract loaded onto Eskom’s payment system and Trillian hadn’t been furnished with a purchase order.&lt;/p&gt;

&lt;p&gt;The conundrum: Eskom had an invoice from Trillian without a single supporting document to make a legal payment.&lt;/p&gt;

&lt;p&gt;The absence of proper documents should have been a huge red flag.&lt;/p&gt;

&lt;p&gt;Instead, Mabelane instructed acting general manager Masedi Skosana to fabricate a purchase order for the December 13 invoice.&lt;/p&gt;

&lt;h2 id=&quot;not-the-first-time&quot;&gt;Not the first time&lt;/h2&gt;

&lt;p&gt;It wasn’t the first time. Skosana admitted to G9 Forensic to have been involved in the fabrication of another two purchase orders in August 2016.&lt;/p&gt;

&lt;p&gt;Records show that Trillian sent these invoices, both dated 10 August, to Govender two days after the board authorised the payments. The invoices for R122.2-million and R113.2-million respectively were signed for payment by Govender and Mabelane.&lt;/p&gt;

&lt;p&gt;Skosana said she came “under intense pressure from Mr Edwin Mabelane” and therefore instructed her direct reports to fabricate the purchase orders despite their protestations.&lt;/p&gt;

&lt;p&gt;“I realised at the time that the creation of the purchase order was irregular and against policies and procedures,” Skosana is quoted by G9 Forensic as saying.&lt;/p&gt;

&lt;p&gt;“It concerned me and afterwards I contacted Mr Govender as the Project Leader, in an effort to obtain further supporting documentation. He said it was a procurement matter and I should not be concerned… I also discussed it on more than one occasion with Mr Mabelane and aired my concerns. He said we have all the documentation and the transaction is above board.”&lt;/p&gt;

&lt;p&gt;Four months later Mabelane came knocking on Skosana’s door again with the 13 December invoice in hand, but this time she sent him packing.&lt;/p&gt;

&lt;p&gt;“This time I refused to do it… In hindsight, I wish I acted bolder on that day in August and refused to create the purchase order.”&lt;/p&gt;

&lt;h2 id=&quot;a-brief-setback&quot;&gt;A brief setback&lt;/h2&gt;

&lt;p&gt;But Skosana’s refusal regarding the 13 December invoice seems to have been only a brief setback.&lt;/p&gt;

&lt;p&gt;Eskom senior adviser Nokwanda Gambushe told G9 Forensic in a sworn affidavit that she too was instructed to pave the way to Trillian’s payday. She complied knowing that the request “was not consistent with procedure”, G9 Forensic notes.&lt;/p&gt;

&lt;p&gt;“…On 19 December 2016 [acting commercial manager] Mr Charles Kalima approached me and requested to create a contract… Mr Kalima told me the supplier is Trillian and gave me the term(s) of the contract. I did not receive a contract document, but was given the approved board minutes and a submission…,” Gambushe said.&lt;/p&gt;

&lt;p&gt;Trillian’s R152.76-million invoice was paid on 20 December, a day after Gambushe created the questionable contract on Eskom’s payment system.&lt;/p&gt;

&lt;p&gt;G9 Forensic concluded that “Trillian became the illegitimate beneficiary of funds on the back of the [turnaround project] which McKinsey was supposedly contracted to undertake.&lt;/p&gt;

&lt;p&gt;“It is our considered opinion that, irrespective of whether Trillian provided the services or not, Mr Anoj Singh was in direct contravention of several fundamental tenets of the Eskom procurement policy”.&lt;/p&gt;

&lt;p&gt;Now, belatedly, Eskom is claiming its money back. Trillian, however, maintains it received only fair payment for work done.&lt;/p&gt;

&lt;p&gt;Time will tell.
&lt;br /&gt;
&lt;br /&gt;&lt;/p&gt;

&lt;hr /&gt;

&lt;h3 id=&quot;to-follow-pplaaf-follow-its-profiles&quot;&gt;To follow PPLAAF, follow its profiles:&lt;/h3&gt;
&lt;ul&gt;
  &lt;li&gt;Facebook: &lt;a href=&quot;https://www.facebook.com/PPLAAF/&quot;&gt;https://www.facebook.com/PPLAAF/&lt;/a&gt;&lt;/li&gt;
  &lt;li&gt;Twitter: &lt;a href=&quot;https://twitter.com/pplaaf&quot;&gt;@pplaaf&lt;/a&gt;&lt;/li&gt;
&lt;/ul&gt;

&lt;h3 id=&quot;for-further-information-please-contact&quot;&gt;For further information, please contact:&lt;/h3&gt;
&lt;ul&gt;
  &lt;li&gt;In Paris, William Bourdon (French, English): &lt;a href=&quot;mailto:w.bourdon@bourdon-associes.com&quot;&gt;w.bourdon@bourdon-associes.com&lt;/a&gt; or + 33 1 42 60 32 60&lt;/li&gt;
  &lt;li&gt;In Paris, Henri Thulliez (French, English): &lt;a href=&quot;mailto:henri.thulliez@gmail.com&quot;&gt;henri.thulliez@gmail.com&lt;/a&gt; or + 33 6 98 04 66 72&lt;/li&gt;
  &lt;li&gt;In Johannesburg, Khadija Sharife (English): &lt;a href=&quot;mailto:ksharife@gmail.com&quot;&gt;ksharife@gmail.com&lt;/a&gt; or + 27 (71) 688 62 76&lt;/li&gt;
&lt;/ul&gt;

&lt;hr /&gt;</content><author><name>Pauli van Wyk and Susan Comrie</name></author><summary type="html">A series of interviews and leaked documents show that senior Eskom officials did everything they could to ensure the Gupta-linked Trillian got paid.</summary><media:thumbnail xmlns:media="http://search.yahoo.com/mrss/" url="https://pplaaf.org/mckinsey-4.jpg" /></entry></feed>